CO871C00;MTACT653C00;29/11/2020;38382;1606645594_351;;;EUR;;1606645594
CO453C00;AFACT426C00;29/11/2020;19976;1606645594_738;;;EUR;;1606645594
CO041C00;AFACT448C00;29/11/2020;36302;1606645594_561;;;EUR;;1606645594
CO662C00;BAACT970C00;29/11/2020;1318;1606645594_731;;;EUR;;1606645594
CO296C00;MTACT709C00;29/11/2020;35915;1606645594_92;;;EUR;;1606645594
CO106C00;BAACT639C00;29/11/2020;17873;1606645594_495;;;EUR;;1606645594
CO697C00;BAACT944C00;29/11/2020;11115;1606645594_72;;;EUR;;1606645594
CO449C00;MTACT967C00;29/11/2020;45384;1606645594_86;;;EUR;;1606645594
CO962C00;AFACT192C00;29/11/2020;25254;1606645594_58;;;EUR;;1606645594
CO683C00;MTACT775C00;29/11/2020;39027;1606645594_849;;;EUR;;1606645594
CO445C00;AFACT707C00;29/11/2020;11245;1606645594_894;;;EUR;;1606645594
CO015C00;MTACT362C00;29/11/2020;31715;1606645594_531;;;EUR;;1606645594
CO484C00;BAACT925C00;29/11/2020;46584;1606645594_389;;;EUR;;1606645594
CO452C00;BAACT410C00;29/11/2020;40507;1606645594_650;;;EUR;;1606645594
CO072C00;AFACT897C00;29/11/2020;25129;1606645594_12;;;EUR;;1606645594
CO290C00;BAACT759C00;29/11/2020;6146;1606645594_400;;;EUR;;1606645594
CO301C00;BAACT343C00;29/11/2020;15381;1606645594_500;;;EUR;;1606645594
CO148C00;BAACT019C00;29/11/2020;15608;1606645594_142;;;EUR;;1606645594
CO766C00;BAACT213C00;29/11/2020;29074;1606645594_114;;;EUR;;1606645594
CO460C00;AFACT652C00;29/11/2020;14124;1606645594_37;;;EUR;;1606645594
CO409C00;AFACT640C00;29/11/2020;8673;1606645594_180;;;EUR;;1606645594
CO291C00;BAACT404C00;29/11/2020;39336;1606645594_107;;;EUR;;1606645594
CO321C00;BAACT760C00;29/11/2020;38615;1606645594_252;;;EUR;;1606645594
CO267C00;BAACT768C00;29/11/2020;17472;1606645594_460;;;EUR;;1606645594
CO489C00;BAACT143C00;29/11/2020;12725;1606645594_59;;;EUR;;1606645594
CO455C00;AFACT427C00;29/11/2020;20719;1606645594_599;;;EUR;;1606645594
CO362C00;MTACT870C00;29/11/2020;5156;1606645594_706;;;EUR;;1606645594
CO906C00;AFACT933C00;29/11/2020;42628;1606645594_716;;;EUR;;1606645594
CO565C00;BAACT501C00;29/11/2020;22987;1606645594_801;;;EUR;;1606645594
CO717C00;BAACT847C00;29/11/2020;23124;1606645594_213;;;EUR;;1606645594
CO865C00;BAACT965C00;29/11/2020;35078;1606645594_136;;;EUR;;1606645594
CO219C00;BAACT056C00;29/11/2020;42501;1606645594_594;;;EUR;;1606645594
CO554C00;MTACT363C00;29/11/2020;45152;1606645594_861;;;EUR;;1606645594
CO475C00;AFACT370C00;29/11/2020;33553;1606645594_30;;;EUR;;1606645594
CO144C00;MTACT276C00;29/11/2020;25021;1606645594_451;;;EUR;;1606645594
CO570C00;MTACT109C00;29/11/2020;12512;1606645594_573;;;EUR;;1606645594
CO398C00;MTACT963C00;29/11/2020;43599;1606645594_700;;;EUR;;1606645594
CO083C00;MTACT526C00;29/11/2020;22293;1606645594_19;;;EUR;;1606645594
CO972C00;MTACT909C00;29/11/2020;29038;1606645594_144;;;EUR;;1606645594
CO656C00;BAACT506C00;29/11/2020;47575;1606645594_702;;;EUR;;1606645594
CO847C00;AFACT901C00;29/11/2020;4388;1606645594_424;;;EUR;;1606645594
CO142C00;MTACT953C00;29/11/2020;25162;1606645594_841;;;EUR;;1606645594
CO391C00;MTACT864C00;29/11/2020;22153;1606645594_415;;;EUR;;1606645594
CO701C00;MTACT377C00;29/11/2020;6397;1606645594_586;;;EUR;;1606645594
CO399C00;MTACT075C00;29/11/2020;26121;1606645594_91;;;EUR;;1606645594
CO700C00;AFACT475C00;29/11/2020;13123;1606645594_545;;;EUR;;1606645594
CO807C00;AFACT781C00;29/11/2020;44301;1606645594_193;;;EUR;;1606645594
CO341C00;MTACT830C00;29/11/2020;49561;1606645594_106;;;EUR;;1606645594
CO385C00;MTACT474C00;29/11/2020;30175;1606645594_721;;;EUR;;1606645594
CO997C00;BAACT712C00;29/11/2020;11189;1606645594_981;;;EUR;;1606645594
CO121C00;MTACT283C00;29/11/2020;8274;1606645594_567;;;EUR;;1606645594
CO535C00;MTACT173C00;29/11/2020;19301;1606645594_360;;;EUR;;1606645594
CO822C00;BAACT433C00;29/11/2020;19779;1606645594_445;;;EUR;;1606645594
CO334C00;MTACT464C00;29/11/2020;36041;1606645594_660;;;EUR;;1606645594
CO386C00;MTACT255C00;29/11/2020;46338;1606645594_208;;;EUR;;1606645594
CO932C00;BAACT973C00;29/11/2020;31354;1606645594_984;;;EUR;;1606645594
CO827C00;BAACT873C00;29/11/2020;19309;1606645594_605;;;EUR;;1606645594
CO928C00;MTACT271C00;29/11/2020;28135;1606645594_296;;;EUR;;1606645594
CO755C00;MTACT035C00;29/11/2020;30353;1606645594_871;;;EUR;;1606645594
CO069C00;AFACT818C00;29/11/2020;39022;1606645594_102;;;EUR;;1606645594
CO016C00;BAACT463C00;29/11/2020;8456;1606645594_640;;;EUR;;1606645594
CO951C00;BAACT799C00;29/11/2020;33922;1606645594_77;;;EUR;;1606645594
CO052C00;BAACT477C00;29/11/2020;49039;1606645594_605;;;EUR;;1606645594
CO823C00;BAACT055C00;29/11/2020;23805;1606645594_763;;;EUR;;1606645594
CO208C00;BAACT764C00;29/11/2020;48897;1606645594_558;;;EUR;;1606645594
CO298C00;BAACT222C00;29/11/2020;34606;1606645594_751;;;EUR;;1606645594
CO435C00;AFACT492C00;29/11/2020;29671;1606645594_25;;;EUR;;1606645594
CO400C00;MTACT003C00;29/11/2020;32704;1606645594_300;;;EUR;;1606645594
CO134C00;MTACT206C00;29/11/2020;39838;1606645594_638;;;EUR;;1606645594
CO553C00;AFACT112C00;29/11/2020;7124;1606645594_217;;;EUR;;1606645594
CO561C00;MTACT893C00;29/11/2020;5472;1606645594_745;;;EUR;;1606645594
CO578C00;AFACT157C00;29/11/2020;39809;1606645594_27;;;EUR;;1606645594
CO901C00;MTACT819C00;29/11/2020;3546;1606645594_665;;;EUR;;1606645594
CO579C00;MTACT215C00;29/11/2020;46331;1606645594_555;;;EUR;;1606645594
CO308C00;MTACT309C00;29/11/2020;24064;1606645594_708;;;EUR;;1606645594
CO757C00;MTACT038C00;29/11/2020;15476;1606645594_717;;;EUR;;1606645594
CO494C00;MTACT442C00;29/11/2020;3796;1606645594_323;;;EUR;;1606645594
CO085C00;BAACT507C00;29/11/2020;33013;1606645594_113;;;EUR;;1606645594
CO348C00;MTACT917C00;29/11/2020;25343;1606645594_367;;;EUR;;1606645594
CO878C00;BAACT628C00;29/11/2020;49260;1606645594_409;;;EUR;;1606645594
CO214C00;MTACT316C00;29/11/2020;9405;1606645594_814;;;EUR;;1606645594
CO043C00;AFACT160C00;29/11/2020;5001;1606645594_390;;;EUR;;1606645594
CO664C00;AFACT221C00;29/11/2020;38217;1606645594_498;;;EUR;;1606645594
CO192C00;BAACT727C00;29/11/2020;22297;1606645594_5;;;EUR;;1606645594
CO160C00;AFACT483C00;29/11/2020;10343;1606645594_583;;;EUR;;1606645594
CO989C00;BAACT188C00;29/11/2020;32288;1606645594_208;;;EUR;;1606645594
CO809C00;BAACT490C00;29/11/2020;18233;1606645594_405;;;EUR;;1606645594
CO196C00;AFACT621C00;29/11/2020;32060;1606645594_994;;;EUR;;1606645594
CO775C00;BAACT027C00;29/11/2020;36102;1606645594_118;;;EUR;;1606645594
CO990C00;BAACT767C00;29/11/2020;37873;1606645594_47;;;EUR;;1606645594
CO094C00;AFACT852C00;29/11/2020;30290;1606645594_95;;;EUR;;1606645594
CO896C00;MTACT461C00;29/11/2020;8888;1606645594_157;;;EUR;;1606645594
CO538C00;BAACT800C00;29/11/2020;4215;1606645594_338;;;EUR;;1606645594
CO979C00;BAACT812C00;29/11/2020;16185;1606645594_703;;;EUR;;1606645594
CO706C00;BAACT411C00;29/11/2020;30001;1606645594_873;;;EUR;;1606645594
CO154C00;AFACT504C00;29/11/2020;14995;1606645594_364;;;EUR;;1606645594
CO108C00;AFACT507C00;29/11/2020;21320;1606645594_880;;;EUR;;1606645594
CO884C00;AFACT574C00;29/11/2020;14467;1606645594_892;;;EUR;;1606645594
CO351C00;AFACT153C00;29/11/2020;10072;1606645594_26;;;EUR;;1606645594
CO068C00;AFACT718C00;29/11/2020;19451;1606645594_791;;;EUR;;1606645594
CO375C00;AFACT346C00;29/11/2020;38812;1606645594_452;;;EUR;;1606645594
CO682C00;MTACT545C00;29/11/2020;32009;1606645594_178;;;EUR;;1606645594
CO813C00;MTACT852C00;29/11/2020;32840;1606645594_822;;;EUR;;1606645594
CO011C00;BAACT061C00;29/11/2020;38090;1606645594_841;;;EUR;;1606645594
CO028C00;MTACT960C00;29/11/2020;33567;1606645594_126;;;EUR;;1606645594
CO796C00;MTACT951C00;29/11/2020;7988;1606645594_47;;;EUR;;1606645594
CO903C00;MTACT936C00;29/11/2020;48021;1606645594_397;;;EUR;;1606645594
CO138C00;AFACT336C00;29/11/2020;3781;1606645594_285;;;EUR;;1606645594
CO151C00;AFACT573C00;29/11/2020;46703;1606645594_315;;;EUR;;1606645594
CO395C00;AFACT758C00;29/11/2020;37916;1606645594_810;;;EUR;;1606645594
CO029C00;AFACT585C00;29/11/2020;49908;1606645594_720;;;EUR;;1606645594
CO770C00;BAACT644C00;29/11/2020;22454;1606645594_959;;;EUR;;1606645594
CO284C00;AFACT169C00;29/11/2020;32055;1606645594_203;;;EUR;;1606645594
CO852C00;AFACT106C00;29/11/2020;38465;1606645594_450;;;EUR;;1606645594
CO765C00;BAACT866C00;29/11/2020;40709;1606645594_777;;;EUR;;1606645594
CO784C00;AFACT102C00;29/11/2020;15728;1606645594_64;;;EUR;;1606645594
CO129C00;MTACT657C00;29/11/2020;2483;1606645594_732;;;EUR;;1606645594
CO502C00;BAACT028C00;29/11/2020;29914;1606645594_100;;;EUR;;1606645594
CO415C00;BAACT769C00;29/11/2020;42704;1606645594_893;;;EUR;;1606645594
CO115C00;MTACT471C00;29/11/2020;26068;1606645594_646;;;EUR;;1606645594
CO146C00;BAACT155C00;29/11/2020;6306;1606645594_237;;;EUR;;1606645594
CO613C00;BAACT480C00;29/11/2020;18516;1606645594_822;;;EUR;;1606645594
CO788C00;BAACT571C00;29/11/2020;33896;1606645594_269;;;EUR;;1606645594
CO557C00;BAACT370C00;29/11/2020;28110;1606645594_126;;;EUR;;1606645594
CO416C00;MTACT517C00;29/11/2020;16944;1606645594_908;;;EUR;;1606645594
CO376C00;MTACT810C00;29/11/2020;49640;1606645594_467;;;EUR;;1606645594
CO246C00;AFACT404C00;29/11/2020;29319;1606645594_672;;;EUR;;1606645594
CO661C00;BAACT295C00;29/11/2020;44125;1606645594_493;;;EUR;;1606645594
CO640C00;MTACT858C00;29/11/2020;19243;1606645594_192;;;EUR;;1606645594
CO306C00;AFACT100C00;29/11/2020;1791;1606645594_672;;;EUR;;1606645594
CO371C00;MTACT216C00;29/11/2020;47827;1606645594_507;;;EUR;;1606645594
CO187C00;MTACT541C00;29/11/2020;36649;1606645594_851;;;EUR;;1606645594
CO771C00;MTACT168C00;29/11/2020;18621;1606645594_576;;;EUR;;1606645594
CO271C00;MTACT087C00;29/11/2020;15269;1606645594_716;;;EUR;;1606645594
CO204C00;BAACT991C00;29/11/2020;34911;1606645594_739;;;EUR;;1606645594
CO933C00;BAACT037C00;29/11/2020;6773;1606645594_257;;;EUR;;1606645594
CO123C00;BAACT871C00;29/11/2020;17105;1606645594_741;;;EUR;;1606645594
CO411C00;AFACT686C00;29/11/2020;17455;1606645594_744;;;EUR;;1606645594
CO500C00;BAACT088C00;29/11/2020;24357;1606645594_525;;;EUR;;1606645594
CO763C00;BAACT660C00;29/11/2020;43727;1606645594_883;;;EUR;;1606645594
CO397C00;MTACT774C00;29/11/2020;33687;1606645594_313;;;EUR;;1606645594
CO978C00;BAACT855C00;29/11/2020;20930;1606645594_150;;;EUR;;1606645594
CO303C00;BAACT472C00;29/11/2020;28895;1606645594_544;;;EUR;;1606645594
CO926C00;AFACT733C00;29/11/2020;29886;1606645594_972;;;EUR;;1606645594
CO020C00;BAACT378C00;29/11/2020;8519;1606645594_104;;;EUR;;1606645594
CO128C00;AFACT776C00;29/11/2020;40272;1606645594_892;;;EUR;;1606645594
CO959C00;BAACT150C00;29/11/2020;4324;1606645594_290;;;EUR;;1606645594
CO595C00;MTACT729C00;29/11/2020;48518;1606645594_856;;;EUR;;1606645594
CO854C00;MTACT590C00;29/11/2020;5456;1606645594_447;;;EUR;;1606645594
CO504C00;AFACT877C00;29/11/2020;31460;1606645594_251;;;EUR;;1606645594
CO492C00;MTACT563C00;29/11/2020;23406;1606645594_3;;;EUR;;1606645594
CO439C00;MTACT504C00;29/11/2020;49914;1606645594_383;;;EUR;;1606645594
CO623C00;BAACT082C00;29/11/2020;41905;1606645594_18;;;EUR;;1606645594
CO945C00;BAACT391C00;29/11/2020;26891;1606645594_271;;;EUR;;1606645594
CO224C00;AFACT452C00;29/11/2020;11039;1606645594_546;;;EUR;;1606645594
CO705C00;MTACT336C00;29/11/2020;8908;1606645594_697;;;EUR;;1606645594
CO968C00;AFACT655C00;29/11/2020;28430;1606645594_808;;;EUR;;1606645594
CO253C00;BAACT172C00;29/11/2020;38390;1606645594_655;;;EUR;;1606645594
CO383C00;BAACT104C00;29/11/2020;17201;1606645594_5;;;EUR;;1606645594
CO724C00;MTACT636C00;29/11/2020;28651;1606645594_112;;;EUR;;1606645594
CO340C00;AFACT077C00;29/11/2020;6490;1606645594_485;;;EUR;;1606645594
CO076C00;AFACT968C00;29/11/2020;3727;1606645594_133;;;EUR;;1606645594
CO508C00;AFACT736C00;29/11/2020;43956;1606645594_689;;;EUR;;1606645594
CO423C00;AFACT744C00;29/11/2020;27772;1606645594_967;;;EUR;;1606645594
CO330C00;AFACT936C00;29/11/2020;40224;1606645594_942;;;EUR;;1606645594
CO353C00;MTACT326C00;29/11/2020;46279;1606645594_825;;;EUR;;1606645594
CO135C00;MTACT509C00;29/11/2020;22682;1606645594_987;;;EUR;;1606645594
CO910C00;MTACT519C00;29/11/2020;497;1606645594_302;;;EUR;;1606645594
CO916C00;AFACT809C00;29/11/2020;10524;1606645594_638;;;EUR;;1606645594
CO212C00;MTACT615C00;29/11/2020;34214;1606645594_888;;;EUR;;1606645594
CO768C00;AFACT842C00;29/11/2020;26221;1606645594_710;;;EUR;;1606645594
CO533C00;AFACT756C00;29/11/2020;5748;1606645594_552;;;EUR;;1606645594
CO474C00;BAACT085C00;29/11/2020;18346;1606645594_755;;;EUR;;1606645594
CO716C00;BAACT353C00;29/11/2020;37085;1606645594_410;;;EUR;;1606645594
CO576C00;AFACT754C00;29/11/2020;22354;1606645594_426;;;EUR;;1606645594
CO614C00;BAACT500C00;29/11/2020;28620;1606645594_527;;;EUR;;1606645594
CO384C00;AFACT789C00;29/11/2020;15812;1606645594_593;;;EUR;;1606645594
CO749C00;AFACT716C00;29/11/2020;17487;1606645594_631;;;EUR;;1606645594
CO995C00;BAACT302C00;29/11/2020;36955;1606645594_259;;;EUR;;1606645594
CO465C00;MTACT395C00;29/11/2020;13591;1606645594_588;;;EUR;;1606645594
CO734C00;MTACT606C00;29/11/2020;29348;1606645594_256;;;EUR;;1606645594
CO057C00;MTACT419C00;29/11/2020;24402;1606645594_281;;;EUR;;1606645594
CO033C00;BAACT874C00;29/11/2020;3676;1606645594_763;;;EUR;;1606645594
CO358C00;AFACT778C00;29/11/2020;36040;1606645594_401;;;EUR;;1606645594
CO065C00;MTACT812C00;29/11/2020;18913;1606645594_646;;;EUR;;1606645594
CO299C00;BAACT848C00;29/11/2020;14479;1606645594_613;;;EUR;;1606645594
CO184C00;BAACT138C00;29/11/2020;35793;1606645594_80;;;EUR;;1606645594
CO882C00;MTACT334C00;29/11/2020;3672;1606645594_316;;;EUR;;1606645594
CO610C00;AFACT553C00;29/11/2020;31654;1606645594_444;;;EUR;;1606645594
CO667C00;BAACT929C00;29/11/2020;14964;1606645594_443;;;EUR;;1606645594
CO226C00;BAACT431C00;29/11/2020;49353;1606645594_293;;;EUR;;1606645594
CO169C00;AFACT194C00;29/11/2020;3227;1606645594_951;;;EUR;;1606645594
CO089C00;AFACT889C00;29/11/2020;33817;1606645594_618;;;EUR;;1606645594
CO241C00;AFACT241C00;29/11/2020;7353;1606645594_968;;;EUR;;1606645594
CO920C00;BAACT735C00;29/11/2020;2827;1606645594_77;;;EUR;;1606645594
CO942C00;MTACT199C00;29/11/2020;43001;1606645594_262;;;EUR;;1606645594
CO478C00;MTACT913C00;29/11/2020;23708;1606645594_684;;;EUR;;1606645594
CO543C00;BAACT690C00;29/11/2020;6445;1606645594_750;;;EUR;;1606645594
CO063C00;MTACT353C00;29/11/2020;34914;1606645594_463;;;EUR;;1606645594
CO860C00;MTACT451C00;29/11/2020;47808;1606645594_232;;;EUR;;1606645594
CO021C00;AFACT054C00;29/11/2020;26982;1606645594_279;;;EUR;;1606645594
CO287C00;AFACT536C00;29/11/2020;32053;1606645594_580;;;EUR;;1606645594
CO488C00;BAACT147C00;29/11/2020;896;1606645594_847;;;EUR;;1606645594
CO119C00;MTACT613C00;29/11/2020;40720;1606645594_101;;;EUR;;1606645594
CO988C00;AFACT272C00;29/11/2020;12171;1606645594_673;;;EUR;;1606645594
CO955C00;BAACT051C00;29/11/2020;19221;1606645594_667;;;EUR;;1606645594
CO157C00;MTACT520C00;29/11/2020;47184;1606645594_819;;;EUR;;1606645594
CO311C00;AFACT043C00;29/11/2020;4866;1606645594_348;;;EUR;;1606645594
CO641C00;AFACT748C00;29/11/2020;33164;1606645594_704;;;EUR;;1606645594
CO574C00;AFACT665C00;29/11/2020;37672;1606645594_918;;;EUR;;1606645594
CO163C00;AFACT981C00;29/11/2020;18481;1606645594_847;;;EUR;;1606645594
CO602C00;AFACT506C00;29/11/2020;36011;1606645594_455;;;EUR;;1606645594
CO149C00;MTACT331C00;29/11/2020;1802;1606645594_448;;;EUR;;1606645594
CO987C00;BAACT504C00;29/11/2020;13896;1606645594_964;;;EUR;;1606645594
CO314C00;BAACT306C00;29/11/2020;7570;1606645594_570;;;EUR;;1606645594
CO493C00;MTACT487C00;29/11/2020;34281;1606645594_196;;;EUR;;1606645594
CO673C00;AFACT245C00;29/11/2020;6676;1606645594_498;;;EUR;;1606645594
CO113C00;MTACT495C00;29/11/2020;45469;1606645594_591;;;EUR;;1606645594
CO965C00;BAACT846C00;29/11/2020;3869;1606645594_840;;;EUR;;1606645594
CO421C00;MTACT882C00;29/11/2020;28192;1606645594_947;;;EUR;;1606645594
CO275C00;BAACT895C00;29/11/2020;39938;1606645594_223;;;EUR;;1606645594
CO677C00;AFACT356C00;29/11/2020;23762;1606645594_939;;;EUR;;1606645594
CO490C00;MTACT289C00;29/11/2020;46957;1606645594_224;;;EUR;;1606645594
CO180C00;BAACT315C00;29/11/2020;38212;1606645594_47;;;EUR;;1606645594
CO262C00;AFACT606C00;29/11/2020;18905;1606645594_24;;;EUR;;1606645594
CO816C00;AFACT797C00;29/11/2020;27103;1606645594_333;;;EUR;;1606645594
CO754C00;BAACT556C00;29/11/2020;31114;1606645594_221;;;EUR;;1606645594
CO769C00;AFACT266C00;29/11/2020;48404;1606645594_821;;;EUR;;1606645594
CO101C00;MTACT449C00;29/11/2020;18134;1606645594_330;;;EUR;;1606645594
CO541C00;AFACT581C00;29/11/2020;38686;1606645594_726;;;EUR;;1606645594
CO124C00;AFACT998C00;29/11/2020;27757;1606645594_330;;;EUR;;1606645594
CO902C00;BAACT790C00;29/11/2020;21698;1606645594_437;;;EUR;;1606645594
CO963C00;AFACT084C00;29/11/2020;26149;1606645594_402;;;EUR;;1606645594
CO540C00;MTACT470C00;29/11/2020;4475;1606645594_972;;;EUR;;1606645594
CO221C00;AFACT298C00;29/11/2020;46301;1606645594_674;;;EUR;;1606645594
CO345C00;MTACT744C00;29/11/2020;23004;1606645594_972;;;EUR;;1606645594
CO779C00;BAACT474C00;29/11/2020;37536;1606645594_606;;;EUR;;1606645594
CO017C00;BAACT674C00;29/11/2020;48134;1606645594_102;;;EUR;;1606645594
CO781C00;BAACT684C00;29/11/2020;21683;1606645594_957;;;EUR;;1606645594
CO387C00;AFACT202C00;29/11/2020;41899;1606645594_250;;;EUR;;1606645594
CO272C00;MTACT560C00;29/11/2020;37129;1606645594_928;;;EUR;;1606645594
CO082C00;BAACT876C00;29/11/2020;46232;1606645594_435;;;EUR;;1606645594
CO220C00;BAACT059C00;29/11/2020;43351;1606645594_461;;;EUR;;1606645594
CO531C00;MTACT480C00;29/11/2020;44403;1606645594_714;;;EUR;;1606645594
CO122C00;BAACT968C00;29/11/2020;17139;1606645594_692;;;EUR;;1606645594
CO695C00;AFACT554C00;29/11/2020;15148;1606645594_680;;;EUR;;1606645594
CO185C00;BAACT415C00;29/11/2020;18885;1606645594_99;;;EUR;;1606645594
CO159C00;BAACT869C00;29/11/2020;3535;1606645594_155;;;EUR;;1606645594
CO463C00;MTACT834C00;29/11/2020;37058;1606645594_768;;;EUR;;1606645594
CO292C00;MTACT947C00;29/11/2020;37591;1606645594_249;;;EUR;;1606645594
CO974C00;AFACT505C00;29/11/2020;5221;1606645594_846;;;EUR;;1606645594
CO921C00;AFACT580C00;29/11/2020;8056;1606645594_196;;;EUR;;1606645594
CO867C00;AFACT353C00;29/11/2020;2079;1606645594_849;;;EUR;;1606645594
CO918C00;AFACT631C00;29/11/2020;42827;1606645594_777;;;EUR;;1606645594
CO054C00;MTACT591C00;29/11/2020;18188;1606645594_983;;;EUR;;1606645594
CO760C00;MTACT521C00;29/11/2020;49964;1606645594_820;;;EUR;;1606645594
CO915C00;AFACT209C00;29/11/2020;28936;1606645594_426;;;EUR;;1606645594
CO448C00;AFACT047C00;29/11/2020;4636;1606645594_285;;;EUR;;1606645594
CO851C00;BAACT401C00;29/11/2020;1523;1606645594_340;;;EUR;;1606645594
CO999C00;AFACT906C00;29/11/2020;18702;1606645594_510;;;EUR;;1606645594
CO934C00;BAACT408C00;29/11/2020;15262;1606645594_565;;;EUR;;1606645594
CO350C00;BAACT661C00;29/11/2020;4700;1606645594_975;;;EUR;;1606645594
CO036C00;AFACT643C00;29/11/2020;3121;1606645594_709;;;EUR;;1606645594
CO825C00;AFACT436C00;29/11/2020;18606;1606645594_761;;;EUR;;1606645594
CO143C00;MTACT934C00;29/11/2020;17300;1606645594_976;;;EUR;;1606645594
CO536C00;MTACT262C00;29/11/2020;41506;1606645594_287;;;EUR;;1606645594
CO420C00;BAACT198C00;29/11/2020;949;1606645594_541;;;EUR;;1606645594
CO370C00;MTACT722C00;29/11/2020;32442;1606645594_567;;;EUR;;1606645594
CO657C00;AFACT351C00;29/11/2020;29999;1606645594_281;;;EUR;;1606645594
CO512C00;BAACT413C00;29/11/2020;46505;1606645594_721;;;EUR;;1606645594
CO038C00;MTACT103C00;29/11/2020;42531;1606645594_602;;;EUR;;1606645594
CO736C00;MTACT574C00;29/11/2020;10330;1606645594_62;;;EUR;;1606645594
CO946C00;BAACT853C00;29/11/2020;33002;1606645594_614;;;EUR;;1606645594
CO458C00;AFACT578C00;29/11/2020;42200;1606645594_805;;;EUR;;1606645594
CO261C00;AFACT853C00;29/11/2020;12495;1606645594_695;;;EUR;;1606645594
CO704C00;MTACT708C00;29/11/2020;46062;1606645594_780;;;EUR;;1606645594
CO774C00;MTACT317C00;29/11/2020;3869;1606645594_179;;;EUR;;1606645594
CO442C00;BAACT700C00;29/11/2020;43814;1606645594_128;;;EUR;;1606645594
CO434C00;MTACT024C00;29/11/2020;6334;1606645594_362;;;EUR;;1606645594
CO764C00;AFACT197C00;29/11/2020;806;1606645594_952;;;EUR;;1606645594
CO635C00;BAACT345C00;29/11/2020;42199;1606645594_908;;;EUR;;1606645594
CO950C00;BAACT989C00;29/11/2020;27576;1606645594_68;;;EUR;;1606645594
CO078C00;AFACT739C00;29/11/2020;48164;1606645594_752;;;EUR;;1606645594
CO377C00;BAACT515C00;29/11/2020;34993;1606645594_998;;;EUR;;1606645594
CO603C00;MTACT111C00;29/11/2020;20445;1606645594_825;;;EUR;;1606645594
CO870C00;AFACT880C00;29/11/2020;37381;1606645594_864;;;EUR;;1606645594
CO833C00;AFACT689C00;29/11/2020;43865;1606645594_469;;;EUR;;1606645594
CO315C00;AFACT690C00;29/11/2020;38532;1606645594_763;;;EUR;;1606645594
CO925C00;BAACT297C00;29/11/2020;46692;1606645594_552;;;EUR;;1606645594
CO805C00;MTACT178C00;29/11/2020;29817;1606645594_470;;;EUR;;1606645594
CO190C00;MTACT976C00;29/11/2020;1051;1606645594_413;;;EUR;;1606645594
CO583C00;MTACT529C00;29/11/2020;2349;1606645594_403;;;EUR;;1606645594
CO720C00;BAACT738C00;29/11/2020;36935;1606645594_924;;;EUR;;1606645594
CO322C00;AFACT229C00;29/11/2020;36563;1606645594_171;;;EUR;;1606645594
CO501C00;BAACT634C00;29/11/2020;2412;1606645594_355;;;EUR;;1606645594
CO748C00;BAACT437C00;29/11/2020;1254;1606645594_945;;;EUR;;1606645594
CO320C00;AFACT618C00;29/11/2020;48471;1606645594_993;;;EUR;;1606645594
CO156C00;BAACT609C00;29/11/2020;29907;1606645594_223;;;EUR;;1606645594
CO402C00;AFACT460C00;29/11/2020;48769;1606645594_343;;;EUR;;1606645594
CO719C00;AFACT004C00;29/11/2020;4228;1606645594_93;;;EUR;;1606645594
CO790C00;BAACT119C00;29/11/2020;31821;1606645594_931;;;EUR;;1606645594
CO895C00;AFACT677C00;29/11/2020;30010;1606645594_914;;;EUR;;1606645594
CO714C00;MTACT956C00;29/11/2020;10917;1606645594_877;;;EUR;;1606645594
CO242C00;BAACT638C00;29/11/2020;32129;1606645594_694;;;EUR;;1606645594
CO280C00;AFACT068C00;29/11/2020;36102;1606645594_222;;;EUR;;1606645594
CO166C00;AFACT800C00;29/11/2020;13298;1606645594_490;;;EUR;;1606645594
CO447C00;AFACT217C00;29/11/2020;8028;1606645594_840;;;EUR;;1606645594
CO165C00;MTACT348C00;29/11/2020;46747;1606645594_781;;;EUR;;1606645594
CO855C00;AFACT284C00;29/11/2020;8549;1606645594_775;;;EUR;;1606645594
CO133C00;BAACT615C00;29/11/2020;11748;1606645594_547;;;EUR;;1606645594
CO647C00;AFACT350C00;29/11/2020;40721;1606645594_577;;;EUR;;1606645594
CO761C00;AFACT111C00;29/11/2020;11655;1606645594_295;;;EUR;;1606645594
CO650C00;MTACT556C00;29/11/2020;12266;1606645594_677;;;EUR;;1606645594
CO599C00;BAACT287C00;29/11/2020;15783;1606645594_569;;;EUR;;1606645594
CO848C00;AFACT024C00;29/11/2020;34878;1606645594_657;;;EUR;;1606645594
CO994C00;MTACT176C00;29/11/2020;46203;1606645594_13;;;EUR;;1606645594
CO617C00;BAACT271C00;29/11/2020;45934;1606645594_447;;;EUR;;1606645594
CO863C00;MTACT753C00;29/11/2020;7490;1606645594_455;;;EUR;;1606645594
CO625C00;BAACT824C00;29/11/2020;44625;1606645594_627;;;EUR;;1606645594
CO752C00;AFACT234C00;29/11/2020;9948;1606645594_722;;;EUR;;1606645594
CO125C00;BAACT397C00;29/11/2020;33819;1606645594_794;;;EUR;;1606645594
CO294C00;MTACT100C00;29/11/2020;24730;1606645594_357;;;EUR;;1606645594
CO709C00;AFACT817C00;29/11/2020;19753;1606645594_594;;;EUR;;1606645594
CO325C00;MTACT315C00;29/11/2020;49393;1606645594_780;;;EUR;;1606645594
CO405C00;BAACT185C00;29/11/2020;43218;1606645594_111;;;EUR;;1606645594
CO361C00;AFACT890C00;29/11/2020;514;1606645594_379;;;EUR;;1606645594
CO984C00;MTACT432C00;29/11/2020;5230;1606645594_303;;;EUR;;1606645594
CO459C00;MTACT210C00;29/11/2020;17742;1606645594_975;;;EUR;;1606645594
CO582C00;MTACT434C00;29/11/2020;34169;1606645594_574;;;EUR;;1606645594
CO249C00;AFACT911C00;29/11/2020;25541;1606645594_891;;;EUR;;1606645594
CO993C00;MTACT005C00;29/11/2020;15163;1606645594_520;;;EUR;;1606645594
CO008C00;BAACT734C00;29/11/2020;29637;1606645594_311;;;EUR;;1606645594
CO155C00;MTACT151C00;29/11/2020;30129;1606645594_652;;;EUR;;1606645594
CO905C00;MTACT343C00;29/11/2020;41529;1606645594_790;;;EUR;;1606645594
CO616C00;MTACT788C00;29/11/2020;34954;1606645594_216;;;EUR;;1606645594
CO728C00;AFACT073C00;29/11/2020;43512;1606645594_474;;;EUR;;1606645594
CO035C00;BAACT705C00;29/11/2020;13910;1606645594_981;;;EUR;;1606645594
CO944C00;MTACT153C00;29/11/2020;39794;1606645594_663;;;EUR;;1606645594
CO369C00;MTACT378C00;29/11/2020;16125;1606645594_599;;;EUR;;1606645594
CO412C00;AFACT196C00;29/11/2020;20846;1606645594_937;;;EUR;;1606645594
CO039C00;MTACT310C00;29/11/2020;41020;1606645594_93;;;EUR;;1606645594
CO476C00;BAACT914C00;29/11/2020;37269;1606645594_73;;;EUR;;1606645594
CO422C00;AFACT951C00;29/11/2020;16935;1606645594_513;;;EUR;;1606645594
CO644C00;AFACT927C00;29/11/2020;15321;1606645594_598;;;EUR;;1606645594
CO725C00;AFACT168C00;29/11/2020;2494;1606645594_361;;;EUR;;1606645594
CO653C00;MTACT592C00;29/11/2020;49116;1606645594_803;;;EUR;;1606645594
CO238C00;BAACT656C00;29/11/2020;9457;1606645594_235;;;EUR;;1606645594
CO050C00;MTACT806C00;29/11/2020;1103;1606645594_477;;;EUR;;1606645594
CO182C00;MTACT652C00;29/11/2020;22109;1606645594_677;;;EUR;;1606645594
CO931C00;AFACT514C00;29/11/2020;27373;1606645594_13;;;EUR;;1606645594
CO389C00;MTACT638C00;29/11/2020;38641;1606645594_214;;;EUR;;1606645594
CO588C00;AFACT136C00;29/11/2020;21210;1606645594_623;;;EUR;;1606645594
CO090C00;MTACT485C00;29/11/2020;10388;1606645594_684;;;EUR;;1606645594
CO403C00;BAACT954C00;29/11/2020;12678;1606645594_213;;;EUR;;1606645594
CO688C00;BAACT141C00;29/11/2020;18370;1606645594_793;;;EUR;;1606645594
CO087C00;AFACT737C00;29/11/2020;11893;1606645594_417;;;EUR;;1606645594
CO419C00;MTACT904C00;29/11/2020;9436;1606645594_616;;;EUR;;1606645594
CO937C00;AFACT453C00;29/11/2020;26052;1606645594_138;;;EUR;;1606645594
CO727C00;BAACT331C00;29/11/2020;19187;1606645594_261;;;EUR;;1606645594
CO686C00;MTACT972C00;29/11/2020;15092;1606645594_576;;;EUR;;1606645594
CO559C00;BAACT581C00;29/11/2020;23578;1606645594_404;;;EUR;;1606645594
CO116C00;MTACT133C00;29/11/2020;1481;1606645594_331;;;EUR;;1606645594
CO051C00;AFACT985C00;29/11/2020;37848;1606645594_521;;;EUR;;1606645594
CO845C00;AFACT459C00;29/11/2020;33132;1606645594_735;;;EUR;;1606645594
CO003C00;BAACT763C00;29/11/2020;32446;1606645594_934;;;EUR;;1606645594
CO668C00;BAACT293C00;29/11/2020;20088;1606645594_769;;;EUR;;1606645594
CO530C00;AFACT757C00;29/11/2020;5208;1606645594_389;;;EUR;;1606645594
CO498C00;MTACT479C00;29/11/2020;46328;1606645594_153;;;EUR;;1606645594
CO279C00;BAACT959C00;29/11/2020;11862;1606645594_464;;;EUR;;1606645594
CO236C00;AFACT905C00;29/11/2020;8732;1606645594_431;;;EUR;;1606645594
CO829C00;MTACT596C00;29/11/2020;39110;1606645594_127;;;EUR;;1606645594
CO470C00;AFACT782C00;29/11/2020;4806;1606645594_319;;;EUR;;1606645594
CO451C00;MTACT879C00;29/11/2020;49807;1606645594_707;;;EUR;;1606645594
CO857C00;MTACT281C00;29/11/2020;46560;1606645594_333;;;EUR;;1606645594
CO707C00;BAACT346C00;29/11/2020;28849;1606645594_191;;;EUR;;1606645594
CO382C00;MTACT642C00;29/11/2020;39820;1606645594_806;;;EUR;;1606645594
CO794C00;BAACT296C00;29/11/2020;17107;1606645594_245;;;EUR;;1606645594
CO663C00;MTACT840C00;29/11/2020;4115;1606645594_428;;;EUR;;1606645594
CO191C00;MTACT011C00;29/11/2020;2645;1606645594_484;;;EUR;;1606645594
CO626C00;AFACT000C00;29/11/2020;15666;1606645594_982;;;EUR;;1606645594
CO624C00;BAACT975C00;29/11/2020;8276;1606645594_209;;;EUR;;1606645594
CO938C00;MTACT620C00;29/11/2020;18454;1606645594_388;;;EUR;;1606645594
CO276C00;AFACT564C00;29/11/2020;2026;1606645594_252;;;EUR;;1606645594
CO307C00;BAACT777C00;29/11/2020;4314;1606645594_429;;;EUR;;1606645594
CO469C00;MTACT030C00;29/11/2020;8149;1606645594_214;;;EUR;;1606645594
CO891C00;MTACT911C00;29/11/2020;7233;1606645594_874;;;EUR;;1606645594
CO622C00;MTACT665C00;29/11/2020;35689;1606645594_435;;;EUR;;1606645594
CO737C00;BAACT361C00;29/11/2020;31158;1606645594_808;;;EUR;;1606645594
CO167C00;MTACT372C00;29/11/2020;38025;1606645594_294;;;EUR;;1606645594
CO960C00;BAACT443C00;29/11/2020;24664;1606645594_166;;;EUR;;1606645594
CO890C00;AFACT472C00;29/11/2020;97;1606645594_506;;;EUR;;1606645594
CO213C00;BAACT134C00;29/11/2020;7357;1606645594_866;;;EUR;;1606645594
CO524C00;MTACT524C00;29/11/2020;41977;1606645594_391;;;EUR;;1606645594
CO126C00;MTACT164C00;29/11/2020;18770;1606645594_664;;;EUR;;1606645594
CO067C00;AFACT374C00;29/11/2020;3418;1606645594_834;;;EUR;;1606645594
CO374C00;AFACT544C00;29/11/2020;156;1606645594_541;;;EUR;;1606645594
CO985C00;BAACT436C00;29/11/2020;30576;1606645594_205;;;EUR;;1606645594
CO560C00;BAACT620C00;29/11/2020;1494;1606645594_175;;;EUR;;1606645594
CO289C00;MTACT694C00;29/11/2020;44388;1606645594_766;;;EUR;;1606645594
CO211C00;AFACT081C00;29/11/2020;5004;1606645594_467;;;EUR;;1606645594
CO023C00;BAACT444C00;29/11/2020;15822;1606645594_821;;;EUR;;1606645594
CO913C00;AFACT759C00;29/11/2020;28112;1606645594_33;;;EUR;;1606645594
CO908C00;BAACT459C00;29/11/2020;26594;1606645594_212;;;EUR;;1606645594
CO074C00;MTACT285C00;29/11/2020;1239;1606645594_72;;;EUR;;1606645594
CO869C00;MTACT829C00;29/11/2020;18927;1606645594_664;;;EUR;;1606645594
CO627C00;AFACT414C00;29/11/2020;14605;1606645594_307;;;EUR;;1606645594
CO431C00;AFACT752C00;29/11/2020;1664;1606645594_86;;;EUR;;1606645594
CO197C00;BAACT731C00;29/11/2020;12231;1606645594_926;;;EUR;;1606645594
CO462C00;AFACT831C00;29/11/2020;29889;1606645594_969;;;EUR;;1606645594
CO207C00;AFACT747C00;29/11/2020;46506;1606645594_101;;;EUR;;1606645594
CO171C00;AFACT594C00;29/11/2020;46882;1606645594_590;;;EUR;;1606645594
CO687C00;BAACT277C00;29/11/2020;10314;1606645594_120;;;EUR;;1606645594
CO518C00;MTACT052C00;29/11/2020;13711;1606645594_999;;;EUR;;1606645594
CO659C00;MTACT576C00;29/11/2020;45248;1606645594_526;;;EUR;;1606645594
CO797C00;MTACT106C00;29/11/2020;11507;1606645594_228;;;EUR;;1606645594
CO150C00;BAACT528C00;29/11/2020;49207;1606645594_111;;;EUR;;1606645594
CO120C00;MTACT583C00;29/11/2020;48169;1606645594_908;;;EUR;;1606645594
CO158C00;MTACT831C00;29/11/2020;759;1606645594_634;;;EUR;;1606645594
CO991C00;MTACT862C00;29/11/2020;18500;1606645594_489;;;EUR;;1606645594
CO943C00;BAACT093C00;29/11/2020;49777;1606645594_788;;;EUR;;1606645594
CO380C00;AFACT592C00;29/11/2020;33746;1606645594_269;;;EUR;;1606645594
CO364C00;BAACT412C00;29/11/2020;5385;1606645594_337;;;EUR;;1606645594
CO037C00;MTACT433C00;29/11/2020;12898;1606645594_49;;;EUR;;1606645594
CO605C00;BAACT488C00;29/11/2020;3170;1606645594_969;;;EUR;;1606645594
CO521C00;AFACT161C00;29/11/2020;14090;1606645594_531;;;EUR;;1606645594
CO428C00;AFACT466C00;29/11/2020;47633;1606645594_37;;;EUR;;1606645594
CO591C00;BAACT458C00;29/11/2020;31683;1606645594_762;;;EUR;;1606645594
CO964C00;MTACT329C00;29/11/2020;23832;1606645594_313;;;EUR;;1606645594
CO295C00;BAACT029C00;29/11/2020;32329;1606645594_694;;;EUR;;1606645594
CO240C00;BAACT034C00;29/11/2020;30794;1606645594_530;;;EUR;;1606645594
CO758C00;BAACT835C00;29/11/2020;38412;1606645594_276;;;EUR;;1606645594
CO234C00;AFACT322C00;29/11/2020;20068;1606645594_227;;;EUR;;1606645594
CO333C00;MTACT955C00;29/11/2020;37673;1606645594_115;;;EUR;;1606645594
CO114C00;AFACT980C00;29/11/2020;35072;1606645594_267;;;EUR;;1606645594
CO471C00;MTACT681C00;29/11/2020;27298;1606645594_603;;;EUR;;1606645594
CO131C00;BAACT486C00;29/11/2020;15619;1606645594_327;;;EUR;;1606645594
CO580C00;MTACT674C00;29/11/2020;27882;1606645594_312;;;EUR;;1606645594
CO331C00;BAACT183C00;29/11/2020;30817;1606645594_918;;;EUR;;1606645594
CO251C00;AFACT474C00;29/11/2020;47667;1606645594_215;;;EUR;;1606645594
CO721C00;MTACT417C00;29/11/2020;19343;1606645594_928;;;EUR;;1606645594
CO344C00;BAACT745C00;29/11/2020;25566;1606645594_38;;;EUR;;1606645594
CO061C00;AFACT003C00;29/11/2020;10295;1606645594_659;;;EUR;;1606645594
CO678C00;AFACT955C00;29/11/2020;28588;1606645594_746;;;EUR;;1606645594
CO750C00;BAACT816C00;29/11/2020;15980;1606645594_161;;;EUR;;1606645594
CO077C00;MTACT944C00;29/11/2020;1052;1606645594_828;;;EUR;;1606645594
CO034C00;MTACT023C00;29/11/2020;44709;1606645594_426;;;EUR;;1606645594
CO270C00;BAACT475C00;29/11/2020;31564;1606645594_415;;;EUR;;1606645594
CO464C00;MTACT968C00;29/11/2020;18010;1606645594_775;;;EUR;;1606645594
CO495C00;BAACT383C00;29/11/2020;35031;1606645594_585;;;EUR;;1606645594
CO222C00;MTACT183C00;29/11/2020;41450;1606645594_236;;;EUR;;1606645594
CO780C00;BAACT497C00;29/11/2020;37794;1606645594_758;;;EUR;;1606645594
CO879C00;MTACT921C00;29/11/2020;4927;1606645594_537;;;EUR;;1606645594
CO732C00;AFACT137C00;29/11/2020;43548;1606645594_394;;;EUR;;1606645594
CO821C00;AFACT713C00;29/11/2020;20245;1606645594_161;;;EUR;;1606645594
CO286C00;BAACT503C00;29/11/2020;21661;1606645594_404;;;EUR;;1606645594
CO875C00;MTACT982C00;29/11/2020;27824;1606645594_775;;;EUR;;1606645594
CO973C00;BAACT339C00;29/11/2020;3666;1606645594_27;;;EUR;;1606645594
CO681C00;AFACT391C00;29/11/2020;43053;1606645594_376;;;EUR;;1606645594
CO071C00;AFACT610C00;29/11/2020;210;1606645594_18;;;EUR;;1606645594
CO009C00;BAACT794C00;29/11/2020;29595;1606645594_824;;;EUR;;1606645594
CO859C00;MTACT117C00;29/11/2020;20201;1606645594_190;;;EUR;;1606645594
CO066C00;MTACT193C00;29/11/2020;2583;1606645594_338;;;EUR;;1606645594
CO911C00;MTACT741C00;29/11/2020;6985;1606645594_370;;;EUR;;1606645594
CO839C00;AFACT236C00;29/11/2020;23609;1606645594_221;;;EUR;;1606645594
CO461C00;MTACT138C00;29/11/2020;23862;1606645594_742;;;EUR;;1606645594
CO900C00;BAACT618C00;29/11/2020;47224;1606645594_422;;;EUR;;1606645594
CO084C00;MTACT823C00;29/11/2020;15401;1606645594_640;;;EUR;;1606645594
CO696C00;BAACT689C00;29/11/2020;30328;1606645594_618;;;EUR;;1606645594
CO966C00;AFACT979C00;29/11/2020;4164;1606645594_102;;;EUR;;1606645594
CO753C00;MTACT227C00;29/11/2020;29531;1606645594_828;;;EUR;;1606645594
CO883C00;MTACT375C00;29/11/2020;47034;1606645594_305;;;EUR;;1606645594
CO594C00;AFACT704C00;29/11/2020;39070;1606645594_907;;;EUR;;1606645594
CO285C00;BAACT432C00;29/11/2020;44331;1606645594_370;;;EUR;;1606645594
CO388C00;BAACT010C00;29/11/2020;20476;1606645594_648;;;EUR;;1606645594
CO528C00;BAACT707C00;29/11/2020;45111;1606645594_223;;;EUR;;1606645594
CO675C00;AFACT534C00;29/11/2020;32699;1606645594_357;;;EUR;;1606645594
CO782C00;MTACT189C00;29/11/2020;45898;1606645594_831;;;EUR;;1606645594
CO483C00;BAACT022C00;29/11/2020;49967;1606645594_435;;;EUR;;1606645594
CO368C00;AFACT012C00;29/11/2020;29070;1606645594_607;;;EUR;;1606645594
CO107C00;BAACT429C00;29/11/2020;17284;1606645594_531;;;EUR;;1606645594
CO477C00;AFACT451C00;29/11/2020;11985;1606645594_377;;;EUR;;1606645594
CO808C00;MTACT873C00;29/11/2020;44806;1606645594_984;;;EUR;;1606645594
CO317C00;AFACT931C00;29/11/2020;25996;1606645594_42;;;EUR;;1606645594
CO218C00;AFACT016C00;29/11/2020;13481;1606645594_534;;;EUR;;1606645594
CO666C00;AFACT285C00;29/11/2020;42362;1606645594_580;;;EUR;;1606645594
CO309C00;BAACT253C00;29/11/2020;33619;1606645594_71;;;EUR;;1606645594
CO410C00;AFACT530C00;29/11/2020;7373;1606645594_111;;;EUR;;1606645594
CO892C00;AFACT886C00;29/11/2020;2585;1606645594_319;;;EUR;;1606645594
CO648C00;MTACT224C00;29/11/2020;25155;1606645594_694;;;EUR;;1606645594
CO545C00;MTACT043C00;29/11/2020;30622;1606645594_508;;;EUR;;1606645594
CO233C00;AFACT211C00;29/11/2020;41156;1606645594_52;;;EUR;;1606645594
CO027C00;AFACT977C00;29/11/2020;24102;1606645594_257;;;EUR;;1606645594
CO684C00;BAACT702C00;29/11/2020;3545;1606645594_615;;;EUR;;1606645594
CO092C00;AFACT992C00;29/11/2020;42066;1606645594_62;;;EUR;;1606645594
CO846C00;MTACT099C00;29/11/2020;29018;1606645594_602;;;EUR;;1606645594
CO743C00;BAACT883C00;29/11/2020;21775;1606645594_180;;;EUR;;1606645594
CO873C00;AFACT238C00;29/11/2020;17044;1606645594_655;;;EUR;;1606645594
CO739C00;AFACT180C00;29/11/2020;48552;1606645594_411;;;EUR;;1606645594
CO645C00;MTACT702C00;29/11/2020;5571;1606645594_150;;;EUR;;1606645594
CO237C00;MTACT438C00;29/11/2020;16740;1606645594_589;;;EUR;;1606645594
CO030C00;MTACT536C00;29/11/2020;19283;1606645594_296;;;EUR;;1606645594
CO352C00;MTACT582C00;29/11/2020;11924;1606645594_789;;;EUR;;1606645594
CO689C00;AFACT775C00;29/11/2020;880;1606645594_121;;;EUR;;1606645594
CO127C00;MTACT914C00;29/11/2020;8140;1606645594_982;;;EUR;;1606645594
CO354C00;AFACT455C00;29/11/2020;48577;1606645594_106;;;EUR;;1606645594
CO300C00;AFACT697C00;29/11/2020;24536;1606645594_763;;;EUR;;1606645594
CO118C00;AFACT494C00;29/11/2020;48450;1606645594_214;;;EUR;;1606645594
CO195C00;AFACT177C00;29/11/2020;6808;1606645594_746;;;EUR;;1606645594
CO947C00;AFACT705C00;29/11/2020;3394;1606645594_628;;;EUR;;1606645594
CO544C00;MTACT815C00;29/11/2020;44730;1606645594_942;;;EUR;;1606645594
CO646C00;BAACT937C00;29/11/2020;44947;1606645594_871;;;EUR;;1606645594
CO577C00;MTACT778C00;29/11/2020;43846;1606645594_733;;;EUR;;1606645594
CO328C00;MTACT628C00;29/11/2020;23542;1606645594_794;;;EUR;;1606645594
CO629C00;AFACT921C00;29/11/2020;39428;1606645594_634;;;EUR;;1606645594
CO392C00;MTACT488C00;29/11/2020;48236;1606645594_702;;;EUR;;1606645594
CO202C00;AFACT124C00;29/11/2020;45839;1606645594_950;;;EUR;;1606645594
CO800C00;MTACT539C00;29/11/2020;17209;1606645594_435;;;EUR;;1606645594
CO856C00;MTACT154C00;29/11/2020;34142;1606645594_900;;;EUR;;1606645594
CO652C00;BAACT780C00;29/11/2020;31184;1606645594_14;;;EUR;;1606645594
CO568C00;MTACT440C00;29/11/2020;48259;1606645594_659;;;EUR;;1606645594
CO638C00;MTACT426C00;29/11/2020;37947;1606645594_21;;;EUR;;1606645594
CO349C00;MTACT769C00;29/11/2020;43111;1606645594_359;;;EUR;;1606645594
CO552C00;AFACT105C00;29/11/2020;39145;1606645594_775;;;EUR;;1606645594
CO634C00;MTACT261C00;29/11/2020;15956;1606645594_683;;;EUR;;1606645594
CO767C00;BAACT898C00;29/11/2020;46377;1606645594_143;;;EUR;;1606645594
CO831C00;MTACT055C00;29/11/2020;6722;1606645594_908;;;EUR;;1606645594
CO319C00;AFACT577C00;29/11/2020;31596;1606645594_730;;;EUR;;1606645594
CO006C00;MTACT291C00;29/11/2020;39948;1606645594_803;;;EUR;;1606645594
CO517C00;MTACT233C00;29/11/2020;27106;1606645594_421;;;EUR;;1606645594
CO357C00;BAACT003C00;29/11/2020;36417;1606645594_356;;;EUR;;1606645594
CO095C00;AFACT091C00;29/11/2020;35885;1606645594_812;;;EUR;;1606645594
CO111C00;AFACT991C00;29/11/2020;42200;1606645594_182;;;EUR;;1606645594
CO310C00;BAACT746C00;29/11/2020;24006;1606645594_529;;;EUR;;1606645594
CO806C00;AFACT904C00;29/11/2020;5259;1606645594_551;;;EUR;;1606645594
CO954C00;AFACT368C00;29/11/2020;8027;1606645594_943;;;EUR;;1606645594
CO056C00;AFACT219C00;29/11/2020;13920;1606645594_797;;;EUR;;1606645594
CO866C00;MTACT074C00;29/11/2020;44802;1606645594_6;;;EUR;;1606645594
CO880C00;MTACT389C00;29/11/2020;36753;1606645594_749;;;EUR;;1606645594
CO258C00;BAACT251C00;29/11/2020;11868;1606645594_465;;;EUR;;1606645594
CO086C00;AFACT702C00;29/11/2020;26478;1606645594_867;;;EUR;;1606645594
CO044C00;MTACT384C00;29/11/2020;31986;1606645594_47;;;EUR;;1606645594
CO117C00;AFACT390C00;29/11/2020;44003;1606645594_110;;;EUR;;1606645594
CO168C00;MTACT877C00;29/11/2020;4597;1606645594_88;;;EUR;;1606645594
CO100C00;AFACT793C00;29/11/2020;37373;1606645594_78;;;EUR;;1606645594
CO346C00;BAACT180C00;29/11/2020;12155;1606645594_499;;;EUR;;1606645594
CO699C00;BAACT762C00;29/11/2020;22576;1606645594_236;;;EUR;;1606645594
CO581C00;BAACT068C00;29/11/2020;24077;1606645594_815;;;EUR;;1606645594
CO676C00;MTACT236C00;29/11/2020;23620;1606645594_474;;;EUR;;1606645594
CO424C00;MTACT703C00;29/11/2020;13064;1606645594_520;;;EUR;;1606645594
CO844C00;MTACT066C00;29/11/2020;5620;1606645594_354;;;EUR;;1606645594
CO729C00;MTACT899C00;29/11/2020;4067;1606645594_529;;;EUR;;1606645594
CO651C00;BAACT900C00;29/11/2020;42195;1606645594_185;;;EUR;;1606645594
CO024C00;BAACT006C00;29/11/2020;28840;1606645594_489;;;EUR;;1606645594
CO876C00;MTACT691C00;29/11/2020;2645;1606645594_749;;;EUR;;1606645594
CO843C00;BAACT016C00;29/11/2020;1572;1606645594_747;;;EUR;;1606645594
CO327C00;MTACT626C00;29/11/2020;22811;1606645594_830;;;EUR;;1606645594
CO018C00;MTACT358C00;29/11/2020;27301;1606645594_717;;;EUR;;1606645594
CO691C00;BAACT817C00;29/11/2020;2896;1606645594_82;;;EUR;;1606645594
CO935C00;BAACT189C00;29/11/2020;36916;1606645594_859;;;EUR;;1606645594
CO070C00;AFACT856C00;29/11/2020;30001;1606645594_602;;;EUR;;1606645594
CO745C00;MTACT867C00;29/11/2020;11851;1606645594_88;;;EUR;;1606645594
CO507C00;BAACT464C00;29/11/2020;29026;1606645594_538;;;EUR;;1606645594
CO025C00;BAACT574C00;29/11/2020;42960;1606645594_719;;;EUR;;1606645594
CO952C00;MTACT202C00;29/11/2020;17481;1606645594_63;;;EUR;;1606645594
CO324C00;BAACT632C00;29/11/2020;38559;1606645594_322;;;EUR;;1606645594
CO200C00;BAACT710C00;29/11/2020;3819;1606645594_448;;;EUR;;1606645594
CO062C00;AFACT261C00;29/11/2020;27875;1606645594_822;;;EUR;;1606645594
CO248C00;AFACT210C00;29/11/2020;8600;1606645594_267;;;EUR;;1606645594
CO834C00;MTACT601C00;29/11/2020;27665;1606645594_472;;;EUR;;1606645594
CO733C00;AFACT145C00;29/11/2020;24477;1606645594_693;;;EUR;;1606645594
CO941C00;MTACT056C00;29/11/2020;36355;1606645594_847;;;EUR;;1606645594
CO958C00;AFACT719C00;29/11/2020;21938;1606645594_656;;;EUR;;1606645594
CO525C00;BAACT529C00;29/11/2020;44564;1606645594_268;;;EUR;;1606645594
CO436C00;MTACT845C00;29/11/2020;48688;1606645594_66;;;EUR;;1606645594
CO606C00;BAACT363C00;29/11/2020;47165;1606645594_888;;;EUR;;1606645594
CO971C00;MTACT264C00;29/11/2020;4560;1606645594_315;;;EUR;;1606645594
CO692C00;MTACT804C00;29/11/2020;9578;1606645594_481;;;EUR;;1606645594
CO515C00;MTACT463C00;29/11/2020;45426;1606645594_254;;;EUR;;1606645594
CO170C00;AFACT277C00;29/11/2020;26226;1606645594_385;;;EUR;;1606645594
CO520C00;MTACT506C00;29/11/2020;25489;1606645594_339;;;EUR;;1606645594
CO302C00;MTACT844C00;29/11/2020;8589;1606645594_371;;;EUR;;1606645594
CO058C00;BAACT255C00;29/11/2020;29559;1606645594_320;;;EUR;;1606645594
CO853C00;MTACT217C00;29/11/2020;17178;1606645594_732;;;EUR;;1606645594
CO468C00;AFACT990C00;29/11/2020;41431;1606645594_471;;;EUR;;1606645594
CO229C00;BAACT162C00;29/11/2020;8926;1606645594_563;;;EUR;;1606645594
CO404C00;MTACT209C00;29/11/2020;13514;1606645594_743;;;EUR;;1606645594
CO093C00;MTACT344C00;29/11/2020;28852;1606645594_255;;;EUR;;1606645594
CO812C00;BAACT918C00;29/11/2020;976;1606645594_513;;;EUR;;1606645594
CO503C00;MTACT854C00;29/11/2020;12109;1606645594_737;;;EUR;;1606645594
CO824C00;BAACT789C00;29/11/2020;37765;1606645594_4;;;EUR;;1606645594
CO566C00;MTACT723C00;29/11/2020;15004;1606645594_456;;;EUR;;1606645594
CO177C00;MTACT900C00;29/11/2020;44139;1606645594_774;;;EUR;;1606645594
CO792C00;BAACT233C00;29/11/2020;19691;1606645594_848;;;EUR;;1606645594
CO174C00;AFACT379C00;29/11/2020;8599;1606645594_26;;;EUR;;1606645594
CO607C00;AFACT923C00;29/11/2020;15406;1606645594_804;;;EUR;;1606645594
CO359C00;AFACT833C00;29/11/2020;12116;1606645594_489;;;EUR;;1606645594
CO912C00;BAACT366C00;29/11/2020;47223;1606645594_101;;;EUR;;1606645594
CO547C00;AFACT875C00;29/11/2020;13069;1606645594_555;;;EUR;;1606645594
CO654C00;MTACT984C00;29/11/2020;27679;1606645594_448;;;EUR;;1606645594
CO742C00;AFACT765C00;29/11/2020;12592;1606645594_497;;;EUR;;1606645594
CO639C00;AFACT961C00;29/11/2020;13104;1606645594_859;;;EUR;;1606645594
CO551C00;BAACT658C00;29/11/2020;29650;1606645594_471;;;EUR;;1606645594
CO140C00;BAACT778C00;29/11/2020;24576;1606645594_598;;;EUR;;1606645594
CO425C00;BAACT511C00;29/11/2020;13935;1606645594_593;;;EUR;;1606645594
CO550C00;MTACT993C00;29/11/2020;20344;1606645594_790;;;EUR;;1606645594
CO031C00;AFACT146C00;29/11/2020;20057;1606645594_681;;;EUR;;1606645594
CO418C00;AFACT839C00;29/11/2020;36939;1606645594_1;;;EUR;;1606645594
CO268C00;AFACT443C00;29/11/2020;39466;1606645594_15;;;EUR;;1606645594
CO712C00;AFACT710C00;29/11/2020;4507;1606645594_179;;;EUR;;1606645594
CO481C00;AFACT052C00;29/11/2020;38648;1606645594_511;;;EUR;;1606645594
CO231C00;AFACT864C00;29/11/2020;28995;1606645594_702;;;EUR;;1606645594
CO318C00;BAACT621C00;29/11/2020;11959;1606645594_426;;;EUR;;1606645594
CO546C00;BAACT258C00;29/11/2020;1989;1606645594_174;;;EUR;;1606645594
CO263C00;BAACT803C00;29/11/2020;44339;1606645594_549;;;EUR;;1606645594
CO930C00;BAACT964C00;29/11/2020;38485;1606645594_872;;;EUR;;1606645594
CO147C00;AFACT063C00;29/11/2020;43419;1606645594_62;;;EUR;;1606645594
CO396C00;BAACT748C00;29/11/2020;11547;1606645594_253;;;EUR;;1606645594
CO609C00;MTACT534C00;29/11/2020;1676;1606645594_306;;;EUR;;1606645594
CO830C00;AFACT204C00;29/11/2020;43367;1606645594_411;;;EUR;;1606645594
CO259C00;AFACT113C00;29/11/2020;5595;1606645594_51;;;EUR;;1606645594
CO596C00;BAACT347C00;29/11/2020;24771;1606645594_596;;;EUR;;1606645594
CO112C00;MTACT675C00;29/11/2020;39654;1606645594_420;;;EUR;;1606645594
CO032C00;BAACT542C00;29/11/2020;12243;1606645594_915;;;EUR;;1606645594
CO679C00;MTACT337C00;29/11/2020;3245;1606645594_537;;;EUR;;1606645594
CO893C00;MTACT649C00;29/11/2020;29186;1606645594_852;;;EUR;;1606645594
CO045C00;MTACT368C00;29/11/2020;30816;1606645594_465;;;EUR;;1606645594
CO338C00;MTACT029C00;29/11/2020;7716;1606645594_187;;;EUR;;1606645594
CO339C00;BAACT193C00;29/11/2020;35193;1606645594_112;;;EUR;;1606645594
CO957C00;BAACT211C00;29/11/2020;8471;1606645594_760;;;EUR;;1606645594
CO564C00;MTACT759C00;29/11/2020;20154;1606645594_530;;;EUR;;1606645594
CO510C00;AFACT352C00;29/11/2020;19753;1606645594_493;;;EUR;;1606645594
CO480C00;AFACT208C00;29/11/2020;15473;1606645594_347;;;EUR;;1606645594
CO161C00;AFACT138C00;29/11/2020;2748;1606645594_421;;;EUR;;1606645594
CO558C00;AFACT876C00;29/11/2020;15340;1606645594_931;;;EUR;;1606645594
CO099C00;MTACT134C00;29/11/2020;6908;1606645594_152;;;EUR;;1606645594
CO053C00;MTACT664C00;29/11/2020;39935;1606645594_84;;;EUR;;1606645594
CO862C00;MTACT182C00;29/11/2020;37032;1606645594_119;;;EUR;;1606645594
CO593C00;BAACT558C00;29/11/2020;10658;1606645594_189;;;EUR;;1606645594
CO693C00;AFACT988C00;29/11/2020;25155;1606645594_156;;;EUR;;1606645594
CO861C00;BAACT197C00;29/11/2020;41879;1606645594_390;;;EUR;;1606645594
CO832C00;MTACT538C00;29/11/2020;15019;1606645594_204;;;EUR;;1606645594
CO680C00;AFACT928C00;29/11/2020;33955;1606645594_754;;;EUR;;1606645594
CO527C00;BAACT981C00;29/11/2020;36692;1606645594_757;;;EUR;;1606645594
CO297C00;BAACT931C00;29/11/2020;24269;1606645594_870;;;EUR;;1606645594
CO022C00;AFACT360C00;29/11/2020;35785;1606645594_742;;;EUR;;1606645594
CO203C00;MTACT468C00;29/11/2020;46537;1606645594_465;;;EUR;;1606645594
CO189C00;BAACT364C00;29/11/2020;9872;1606645594_152;;;EUR;;1606645594
CO877C00;AFACT123C00;29/11/2020;26558;1606645594_722;;;EUR;;1606645594
CO406C00;BAACT863C00;29/11/2020;1886;1606645594_164;;;EUR;;1606645594
CO372C00;AFACT014C00;29/11/2020;28886;1606645594_620;;;EUR;;1606645594
CO179C00;AFACT843C00;29/11/2020;17736;1606645594_89;;;EUR;;1606645594
CO499C00;AFACT409C00;29/11/2020;5476;1606645594_415;;;EUR;;1606645594
CO738C00;AFACT604C00;29/11/2020;16154;1606645594_392;;;EUR;;1606645594
CO347C00;MTACT696C00;29/11/2020;47660;1606645594_723;;;EUR;;1606645594
CO685C00;BAACT949C00;29/11/2020;40915;1606645594_908;;;EUR;;1606645594
CO266C00;BAACT005C00;29/11/2020;45336;1606645594_53;;;EUR;;1606645594
CO040C00;BAACT926C00;29/11/2020;13712;1606645594_42;;;EUR;;1606645594
CO597C00;BAACT966C00;29/11/2020;9281;1606645594_808;;;EUR;;1606645594
CO363C00;AFACT973C00;29/11/2020;11265;1606645594_213;;;EUR;;1606645594
CO228C00;AFACT701C00;29/11/2020;39479;1606645594_539;;;EUR;;1606645594
CO586C00;AFACT163C00;29/11/2020;32785;1606645594_528;;;EUR;;1606645594
CO104C00;AFACT730C00;29/11/2020;45981;1606645594_821;;;EUR;;1606645594
CO949C00;AFACT596C00;29/11/2020;40151;1606645594_925;;;EUR;;1606645594
CO746C00;AFACT946C00;29/11/2020;21823;1606645594_180;;;EUR;;1606645594
CO217C00;MTACT790C00;29/11/2020;18852;1606645594_208;;;EUR;;1606645594
CO563C00;MTACT780C00;29/11/2020;36026;1606645594_448;;;EUR;;1606645594
CO778C00;MTACT998C00;29/11/2020;7179;1606645594_156;;;EUR;;1606645594
CO215C00;BAACT319C00;29/11/2020;43991;1606645594_598;;;EUR;;1606645594
CO708C00;AFACT932C00;29/11/2020;15799;1606645594_820;;;EUR;;1606645594
CO842C00;MTACT511C00;29/11/2020;24687;1606645594_953;;;EUR;;1606645594
CO516C00;MTACT266C00;29/11/2020;734;1606645594_152;;;EUR;;1606645594
CO642C00;MTACT022C00;29/11/2020;1463;1606645594_393;;;EUR;;1606645594
CO539C00;MTACT751C00;29/11/2020;35821;1606645594_109;;;EUR;;1606645594
CO731C00;AFACT375C00;29/11/2020;33241;1606645594_564;;;EUR;;1606645594
CO260C00;AFACT179C00;29/11/2020;39322;1606645594_460;;;EUR;;1606645594
CO407C00;BAACT106C00;29/11/2020;45998;1606645594_191;;;EUR;;1606645594
CO487C00;AFACT555C00;29/11/2020;26311;1606645594_529;;;EUR;;1606645594
CO785C00;BAACT280C00;29/11/2020;39123;1606645594_272;;;EUR;;1606645594
CO206C00;MTACT525C00;29/11/2020;6563;1606645594_176;;;EUR;;1606645594
CO496C00;BAACT449C00;29/11/2020;16851;1606645594_507;;;EUR;;1606645594
CO081C00;AFACT738C00;29/11/2020;29743;1606645594_292;;;EUR;;1606645594
CO012C00;BAACT259C00;29/11/2020;373;1606645594_852;;;EUR;;1606645594
CO199C00;AFACT468C00;29/11/2020;26839;1606645594_903;;;EUR;;1606645594
CO139C00;BAACT935C00;29/11/2020;38914;1606645594_218;;;EUR;;1606645594
CO194C00;MTACT874C00;29/11/2020;16606;1606645594_466;;;EUR;;1606645594
CO710C00;AFACT953C00;29/11/2020;44493;1606645594_261;;;EUR;;1606645594
CO472C00;AFACT182C00;29/11/2020;35484;1606645594_735;;;EUR;;1606645594
CO789C00;MTACT458C00;29/11/2020;27261;1606645594_552;;;EUR;;1606645594
CO649C00;BAACT084C00;29/11/2020;7477;1606645594_950;;;EUR;;1606645594
CO172C00;BAACT671C00;29/11/2020;31222;1606645594_23;;;EUR;;1606645594
CO787C00;MTACT115C00;29/11/2020;6077;1606645594_420;;;EUR;;1606645594
CO907C00;BAACT880C00;29/11/2020;8203;1606645594_609;;;EUR;;1606645594
CO874C00;BAACT580C00;29/11/2020;32144;1606645594_751;;;EUR;;1606645594
CO153C00;MTACT207C00;29/11/2020;29454;1606645594_864;;;EUR;;1606645594
CO590C00;MTACT687C00;29/11/2020;9021;1606645594_998;;;EUR;;1606645594
CO694C00;BAACT435C00;29/11/2020;38321;1606645594_468;;;EUR;;1606645594
CO841C00;BAACT291C00;29/11/2020;39477;1606645594_445;;;EUR;;1606645594
CO201C00;BAACT493C00;29/11/2020;22101;1606645594_210;;;EUR;;1606645594
CO378C00;AFACT624C00;29/11/2020;46799;1606645594_289;;;EUR;;1606645594
CO633C00;MTACT346C00;29/11/2020;38341;1606645594_957;;;EUR;;1606645594
CO702C00;MTACT661C00;29/11/2020;28542;1606645594_230;;;EUR;;1606645594
CO274C00;MTACT927C00;29/11/2020;34890;1606645594_726;;;EUR;;1606645594
CO265C00;MTACT791C00;29/11/2020;1099;1606645594_421;;;EUR;;1606645594
CO005C00;MTACT490C00;29/11/2020;16235;1606645594_368;;;EUR;;1606645594
CO838C00;BAACT505C00;29/11/2020;39975;1606645594_211;;;EUR;;1606645594
CO096C00;AFACT307C00;29/11/2020;27603;1606645594_854;;;EUR;;1606645594
CO014C00;MTACT531C00;29/11/2020;41121;1606645594_36;;;EUR;;1606645594
CO572C00;MTACT180C00;29/11/2020;42047;1606645594_760;;;EUR;;1606645594
CO992C00;AFACT295C00;29/11/2020;27407;1606645594_105;;;EUR;;1606645594
CO232C00;AFACT418C00;29/11/2020;7665;1606645594_968;;;EUR;;1606645594
CO181C00;BAACT495C00;29/11/2020;44860;1606645594_665;;;EUR;;1606645594
CO628C00;MTACT064C00;29/11/2020;29519;1606645594_345;;;EUR;;1606645594
CO529C00;AFACT034C00;29/11/2020;31169;1606645594_162;;;EUR;;1606645594
CO998C00;MTACT508C00;29/11/2020;38049;1606645594_632;;;EUR;;1606645594
CO049C00;AFACT013C00;29/11/2020;44146;1606645594_917;;;EUR;;1606645594
CO894C00;MTACT354C00;29/11/2020;8723;1606645594_653;;;EUR;;1606645594
CO278C00;BAACT333C00;29/11/2020;3488;1606645594_63;;;EUR;;1606645594
CO256C00;BAACT407C00;29/11/2020;1044;1606645594_330;;;EUR;;1606645594
CO342C00;MTACT986C00;29/11/2020;6084;1606645594_20;;;EUR;;1606645594
CO293C00;BAACT484C00;29/11/2020;39685;1606645594_418;;;EUR;;1606645594
CO048C00;BAACT822C00;29/11/2020;37391;1606645594_822;;;EUR;;1606645594
CO441C00;MTACT808C00;29/11/2020;43326;1606645594_814;;;EUR;;1606645594
CO509C00;MTACT540C00;29/11/2020;3751;1606645594_566;;;EUR;;1606645594
CO467C00;MTACT924C00;29/11/2020;42020;1606645594_89;;;EUR;;1606645594
CO585C00;BAACT232C00;29/11/2020;5555;1606645594_543;;;EUR;;1606645594
CO288C00;AFACT496C00;29/11/2020;2894;1606645594_352;;;EUR;;1606645594
CO711C00;AFACT834C00;29/11/2020;1389;1606645594_464;;;EUR;;1606645594
CO491C00;BAACT469C00;29/11/2020;36115;1606645594_519;;;EUR;;1606645594
CO136C00;BAACT960C00;29/11/2020;1132;1606645594_519;;;EUR;;1606645594
CO355C00;BAACT526C00;29/11/2020;36115;1606645594_31;;;EUR;;1606645594
CO740C00;MTACT693C00;29/11/2020;2600;1606645594_398;;;EUR;;1606645594
CO936C00;BAACT897C00;29/11/2020;35622;1606645594_290;;;EUR;;1606645594
CO176C00;AFACT785C00;29/11/2020;34665;1606645594_461;;;EUR;;1606645594
CO917C00;AFACT444C00;29/11/2020;44172;1606645594_256;;;EUR;;1606645594
CO394C00;AFACT288C00;29/11/2020;7114;1606645594_265;;;EUR;;1606645594
CO440C00;MTACT397C00;29/11/2020;19935;1606645594_455;;;EUR;;1606645594
CO454C00;BAACT352C00;29/11/2020;265;1606645594_874;;;EUR;;1606645594
CO836C00;MTACT748C00;29/11/2020;19608;1606645594_791;;;EUR;;1606645594
CO264C00;MTACT185C00;29/11/2020;14756;1606645594_312;;;EUR;;1606645594
CO671C00;BAACT972C00;29/11/2020;47283;1606645594_572;;;EUR;;1606645594
CO130C00;BAACT195C00;29/11/2020;32180;1606645594_223;;;EUR;;1606645594
CO466C00;BAACT073C00;29/11/2020;10439;1606645594_4;;;EUR;;1606645594
CO762C00;BAACT234C00;29/11/2020;19901;1606645594_350;;;EUR;;1606645594
CO643C00;BAACT547C00;29/11/2020;2952;1606645594_510;;;EUR;;1606645594
CO430C00;BAACT111C00;29/11/2020;5358;1606645594_943;;;EUR;;1606645594
CO756C00;AFACT753C00;29/11/2020;21478;1606645594_192;;;EUR;;1606645594
CO026C00;BAACT534C00;29/11/2020;27936;1606645594_16;;;EUR;;1606645594
CO735C00;AFACT774C00;29/11/2020;22945;1606645594_921;;;EUR;;1606645594
CO004C00;AFACT900C00;29/11/2020;41920;1606645594_57;;;EUR;;1606645594
CO343C00;AFACT107C00;29/11/2020;41382;1606645594_984;;;EUR;;1606645594
CO269C00;BAACT680C00;29/11/2020;27657;1606645594_912;;;EUR;;1606645594
CO542C00;AFACT268C00;29/11/2020;24765;1606645594_247;;;EUR;;1606645594
CO888C00;MTACT979C00;29/11/2020;24684;1606645594_847;;;EUR;;1606645594
CO886C00;BAACT478C00;29/11/2020;28549;1606645594_877;;;EUR;;1606645594
CO589C00;AFACT060C00;29/11/2020;44415;1606645594_976;;;EUR;;1606645594
CO064C00;BAACT247C00;29/11/2020;21914;1606645594_357;;;EUR;;1606645594
CO243C00;MTACT833C00;29/11/2020;40893;1606645594_874;;;EUR;;1606645594
CO223C00;BAACT261C00;29/11/2020;23390;1606645594_479;;;EUR;;1606645594
CO013C00;MTACT247C00;29/11/2020;38231;1606645594_965;;;EUR;;1606645594
CO723C00;BAACT624C00;29/11/2020;25771;1606645594_447;;;EUR;;1606645594
CO401C00;MTACT890C00;29/11/2020;19531;1606645594_834;;;EUR;;1606645594
CO899C00;MTACT308C00;29/11/2020;28430;1606645594_77;;;EUR;;1606645594
CO532C00;AFACT695C00;29/11/2020;41672;1606645594_889;;;EUR;;1606645594
CO927C00;BAACT994C00;29/11/2020;13429;1606645594_274;;;EUR;;1606645594
CO793C00;AFACT742C00;29/11/2020;42527;1606645594_246;;;EUR;;1606645594
CO744C00;MTACT050C00;29/11/2020;32655;1606645594_385;;;EUR;;1606645594
CO549C00;AFACT348C00;29/11/2020;4272;1606645594_548;;;EUR;;1606645594
CO366C00;MTACT381C00;29/11/2020;29599;1606645594_278;;;EUR;;1606645594
CO446C00;BAACT590C00;29/11/2020;22620;1606645594_171;;;EUR;;1606645594
CO612C00;AFACT415C00;29/11/2020;46768;1606645594_179;;;EUR;;1606645594
CO205C00;BAACT572C00;29/11/2020;28883;1606645594_288;;;EUR;;1606645594
CO674C00;BAACT267C00;29/11/2020;28129;1606645594_395;;;EUR;;1606645594
CO329C00;BAACT514C00;29/11/2020;28013;1606645594_489;;;EUR;;1606645594
CO948C00;AFACT666C00;29/11/2020;22121;1606645594_515;;;EUR;;1606645594
CO975C00;MTACT623C00;29/11/2020;37925;1606645594_831;;;EUR;;1606645594
CO632C00;AFACT999C00;29/11/2020;9321;1606645594_998;;;EUR;;1606645594
CO828C00;AFACT276C00;29/11/2020;2480;1606645594_383;;;EUR;;1606645594
CO526C00;BAACT243C00;29/11/2020;47598;1606645594_56;;;EUR;;1606645594
CO751C00;MTACT423C00;29/11/2020;2745;1606645594_350;;;EUR;;1606645594
CO145C00;MTACT288C00;29/11/2020;20428;1606645594_434;;;EUR;;1606645594
CO365C00;BAACT242C00;29/11/2020;26441;1606645594_930;;;EUR;;1606645594
CO621C00;MTACT140C00;29/11/2020;45283;1606645594_346;;;EUR;;1606645594
CO313C00;AFACT129C00;29/11/2020;43573;1606645594_838;;;EUR;;1606645594
CO511C00;AFACT249C00;29/11/2020;43455;1606645594_756;;;EUR;;1606645594
CO776C00;AFACT969C00;29/11/2020;35440;1606645594_697;;;EUR;;1606645594
CO909C00;AFACT601C00;29/11/2020;45344;1606645594_146;;;EUR;;1606645594
CO381C00;MTACT875C00;29/11/2020;42633;1606645594_71;;;EUR;;1606645594
CO587C00;MTACT018C00;29/11/2020;38203;1606645594_680;;;EUR;;1606645594
CO804C00;BAACT218C00;29/11/2020;4179;1606645594_572;;;EUR;;1606645594
CO486C00;MTACT048C00;29/11/2020;27031;1606645594_970;;;EUR;;1606645594
CO426C00;AFACT491C00;29/11/2020;24779;1606645594_827;;;EUR;;1606645594
CO747C00;MTACT940C00;29/11/2020;11859;1606645594_119;;;EUR;;1606645594
CO137C00;MTACT855C00;29/11/2020;33179;1606645594_987;;;EUR;;1606645594
CO209C00;BAACT813C00;29/11/2020;3967;1606645594_970;;;EUR;;1606645594
CO073C00;MTACT880C00;29/11/2020;42173;1606645594_659;;;EUR;;1606645594
CO818C00;MTACT589C00;29/11/2020;39026;1606645594_378;;;EUR;;1606645594
CO665C00;AFACT023C00;29/11/2020;49055;1606645594_267;;;EUR;;1606645594
CO783C00;BAACT610C00;29/11/2020;26272;1606645594_664;;;EUR;;1606645594
CO173C00;BAACT105C00;29/11/2020;40471;1606645594_496;;;EUR;;1606645594
CO887C00;AFACT982C00;29/11/2020;16311;1606645594_542;;;EUR;;1606645594
CO414C00;BAACT616C00;29/11/2020;41372;1606645594_379;;;EUR;;1606645594
CO791C00;BAACT362C00;29/11/2020;43296;1606645594_224;;;EUR;;1606645594
CO098C00;AFACT317C00;29/11/2020;30065;1606645594_397;;;EUR;;1606645594
CO443C00;MTACT938C00;29/11/2020;40158;1606645594_118;;;EUR;;1606645594
CO618C00;MTACT522C00;29/11/2020;22821;1606645594_392;;;EUR;;1606645594
CO183C00;AFACT093C00;29/11/2020;9882;1606645594_371;;;EUR;;1606645594
CO820C00;AFACT603C00;29/11/2020;6884;1606645594_532;;;EUR;;1606645594
CO239C00;MTACT715C00;29/11/2020;38827;1606645594_925;;;EUR;;1606645594
CO619C00;BAACT337C00;29/11/2020;37885;1606645594_681;;;EUR;;1606645594
CO969C00;MTACT667C00;29/11/2020;29691;1606645594_742;;;EUR;;1606645594
CO584C00;BAACT182C00;29/11/2020;18385;1606645594_79;;;EUR;;1606645594
CO658C00;AFACT615C00;29/11/2020;48585;1606645594_688;;;EUR;;1606645594
CO571C00;BAACT382C00;29/11/2020;9183;1606645594_151;;;EUR;;1606645594
CO060C00;BAACT538C00;29/11/2020;29765;1606645594_40;;;EUR;;1606645594
CO889C00;MTACT122C00;29/11/2020;21137;1606645594_122;;;EUR;;1606645594
CO132C00;BAACT303C00;29/11/2020;13928;1606645594_413;;;EUR;;1606645594
CO408C00;BAACT313C00;29/11/2020;11067;1606645594_160;;;EUR;;1606645594
CO817C00;MTACT692C00;29/11/2020;15693;1606645594_772;;;EUR;;1606645594
CO438C00;MTACT108C00;29/11/2020;49723;1606645594_799;;;EUR;;1606645594
CO986C00;AFACT076C00;29/11/2020;9283;1606645594_412;;;EUR;;1606645594
CO433C00;AFACT029C00;29/11/2020;5377;1606645594_248;;;EUR;;1606645594
CO444C00;MTACT116C00;29/11/2020;22309;1606645594_875;;;EUR;;1606645594
CO245C00;BAACT858C00;29/11/2020;44457;1606645594_905;;;EUR;;1606645594
CO105C00;MTACT847C00;29/11/2020;49908;1606645594_566;;;EUR;;1606645594
CO777C00;MTACT113C00;29/11/2020;11244;1606645594_836;;;EUR;;1606645594
CO393C00;AFACT337C00;29/11/2020;35230;1606645594_139;;;EUR;;1606645594
CO922C00;MTACT367C00;29/11/2020;48793;1606645594_988;;;EUR;;1606645594
CO437C00;BAACT307C00;29/11/2020;48963;1606645594_645;;;EUR;;1606645594
CO718C00;BAACT977C00;29/11/2020;11044;1606645594_262;;;EUR;;1606645594
CO814C00;MTACT270C00;29/11/2020;49377;1606645594_3;;;EUR;;1606645594
CO152C00;BAACT604C00;29/11/2020;35138;1606645594_239;;;EUR;;1606645594
CO556C00;BAACT460C00;29/11/2020;20466;1606645594_287;;;EUR;;1606645594
CO537C00;MTACT547C00;29/11/2020;29292;1606645594_598;;;EUR;;1606645594
CO186C00;AFACT333C00;29/11/2020;1817;1606645594_520;;;EUR;;1606645594
CO655C00;MTACT092C00;29/11/2020;1724;1606645594_320;;;EUR;;1606645594
CO175C00;AFACT393C00;29/11/2020;2507;1606645594_847;;;EUR;;1606645594
CO919C00;MTACT284C00;29/11/2020;11570;1606645594_758;;;EUR;;1606645594
CO450C00;BAACT923C00;29/11/2020;9050;1606645594_60;;;EUR;;1606645594
CO356C00;AFACT144C00;29/11/2020;4916;1606645594_7;;;EUR;;1606645594
CO519C00;BAACT950C00;29/11/2020;38179;1606645594_68;;;EUR;;1606645594
CO506C00;BAACT756C00;29/11/2020;9428;1606645594_120;;;EUR;;1606645594
CO141C00;AFACT259C00;29/11/2020;14686;1606645594_469;;;EUR;;1606645594
CO631C00;MTACT282C00;29/11/2020;42179;1606645594_595;;;EUR;;1606645594
CO548C00;AFACT533C00;29/11/2020;20394;1606645594_719;;;EUR;;1606645594
CO924C00;MTACT179C00;29/11/2020;33478;1606645594_504;;;EUR;;1606645594
CO567C00;BAACT060C00;29/11/2020;28112;1606645594_626;;;EUR;;1606645594
CO923C00;BAACT357C00;29/11/2020;17401;1606645594_83;;;EUR;;1606645594
CO456C00;MTACT251C00;29/11/2020;8540;1606645594_527;;;EUR;;1606645594
CO604C00;BAACT177C00;29/11/2020;47610;1606645594_929;;;EUR;;1606645594
CO227C00;AFACT647C00;29/11/2020;32824;1606645594_314;;;EUR;;1606645594
CO562C00;BAACT187C00;29/11/2020;8029;1606645594_10;;;EUR;;1606645594
CO811C00;AFACT400C00;29/11/2020;44571;1606645594_297;;;EUR;;1606645594
CO615C00;MTACT697C00;29/11/2020;155;1606645594_27;;;EUR;;1606645594
CO335C00;MTACT861C00;29/11/2020;11132;1606645594_387;;;EUR;;1606645594
CO332C00;AFACT645C00;29/11/2020;48126;1606645594_804;;;EUR;;1606645594
CO904C00;BAACT723C00;29/11/2020;18681;1606645594_57;;;EUR;;1606645594
CO337C00;MTACT866C00;29/11/2020;44653;1606645594_497;;;EUR;;1606645594
CO885C00;AFACT729C00;29/11/2020;5132;1606645594_161;;;EUR;;1606645594
CO929C00;MTACT603C00;29/11/2020;26819;1606645594_330;;;EUR;;1606645594
CO795C00;BAACT122C00;29/11/2020;31294;1606645594_356;;;EUR;;1606645594
CO799C00;AFACT131C00;29/11/2020;34597;1606645594_919;;;EUR;;1606645594
CO103C00;BAACT539C00;29/11/2020;27276;1606645594_667;;;EUR;;1606645594
CO360C00;MTACT826C00;29/11/2020;32774;1606645594_633;;;EUR;;1606645594
CO573C00;AFACT301C00;29/11/2020;18594;1606645594_917;;;EUR;;1606645594
CO670C00;MTACT770C00;29/11/2020;18895;1606645594_982;;;EUR;;1606645594
CO983C00;AFACT851C00;29/11/2020;18075;1606645594_494;;;EUR;;1606645594
CO672C00;MTACT950C00;29/11/2020;7870;1606645594_934;;;EUR;;1606645594
CO601C00;BAACT116C00;29/11/2020;26523;1606645594_299;;;EUR;;1606645594
CO457C00;AFACT462C00;29/11/2020;12328;1606645594_76;;;EUR;;1606645594
CO741C00;BAACT248C00;29/11/2020;18782;1606645594_143;;;EUR;;1606645594
CO001C00;BAACT967C00;29/11/2020;41216;1606645594_26;;;EUR;;1606645594
CO939C00;BAACT050C00;29/11/2020;39668;1606645594_668;;;EUR;;1606645594
CO698C00;MTACT481C00;29/11/2020;41450;1606645594_151;;;EUR;;1606645594
CO967C00;MTACT906C00;29/11/2020;778;1606645594_136;;;EUR;;1606645594
CO210C00;BAACT246C00;29/11/2020;36451;1606645594_362;;;EUR;;1606645594
CO010C00;BAACT783C00;29/11/2020;42161;1606645594_92;;;EUR;;1606645594
CO042C00;MTACT663C00;29/11/2020;18408;1606645594_185;;;EUR;;1606645594
CO047C00;AFACT526C00;29/11/2020;30003;1606645594_499;;;EUR;;1606645594
CO726C00;AFACT879C00;29/11/2020;11661;1606645594_912;;;EUR;;1606645594
CO810C00;BAACT379C00;29/11/2020;39410;1606645594_204;;;EUR;;1606645594
CO277C00;BAACT685C00;29/11/2020;28460;1606645594_138;;;EUR;;1606645594
CO977C00;MTACT244C00;29/11/2020;11475;1606645594_607;;;EUR;;1606645594
CO956C00;MTACT608C00;29/11/2020;15195;1606645594_496;;;EUR;;1606645594
CO162C00;BAACT009C00;29/11/2020;46538;1606645594_613;;;EUR;;1606645594
CO660C00;AFACT671C00;29/11/2020;9882;1606645594_593;;;EUR;;1606645594
CO996C00;MTACT673C00;29/11/2020;45721;1606645594_238;;;EUR;;1606645594
CO722C00;AFACT299C00;29/11/2020;7465;1606645594_317;;;EUR;;1606645594
CO980C00;BAACT476C00;29/11/2020;23963;1606645594_74;;;EUR;;1606645594
CO390C00;AFACT358C00;29/11/2020;45955;1606645594_256;;;EUR;;1606645594
CO759C00;BAACT453C00;29/11/2020;23941;1606645594_679;;;EUR;;1606645594
CO367C00;MTACT020C00;29/11/2020;29526;1606645594_326;;;EUR;;1606645594
CO097C00;MTACT494C00;29/11/2020;8384;1606645594_705;;;EUR;;1606645594
CO417C00;BAACT144C00;29/11/2020;27964;1606645594_255;;;EUR;;1606645594
CO703C00;MTACT853C00;29/11/2020;47464;1606645594_401;;;EUR;;1606645594
CO244C00;MTACT321C00;29/11/2020;23526;1606645594_148;;;EUR;;1606645594
CO305C00;MTACT948C00;29/11/2020;639;1606645594_958;;;EUR;;1606645594
CO637C00;MTACT278C00;29/11/2020;31530;1606645594_938;;;EUR;;1606645594
CO482C00;MTACT885C00;29/11/2020;12507;1606645594_489;;;EUR;;1606645594
CO837C00;AFACT925C00;29/11/2020;11242;1606645594_245;;;EUR;;1606645594
CO636C00;AFACT260C00;29/11/2020;31293;1606645594_863;;;EUR;;1606645594
CO473C00;MTACT908C00;29/11/2020;9371;1606645594_65;;;EUR;;1606645594
CO304C00;AFACT755C00;29/11/2020;38930;1606645594_577;;;EUR;;1606645594
CO881C00;AFACT826C00;29/11/2020;46382;1606645594_363;;;EUR;;1606645594
CO575C00;AFACT171C00;29/11/2020;17586;1606645594_832;;;EUR;;1606645594
CO961C00;MTACT634C00;29/11/2020;25790;1606645594_360;;;EUR;;1606645594
CO254C00;AFACT315C00;29/11/2020;29303;1606645594_867;;;EUR;;1606645594
CO055C00;AFACT862C00;29/11/2020;48928;1606645594_677;;;EUR;;1606645594
CO336C00;MTACT757C00;29/11/2020;22675;1606645594_625;;;EUR;;1606645594
CO513C00;MTACT221C00;29/11/2020;17236;1606645594_370;;;EUR;;1606645594
CO898C00;AFACT620C00;29/11/2020;1250;1606645594_575;;;EUR;;1606645594
CO514C00;BAACT298C00;29/11/2020;47634;1606645594_126;;;EUR;;1606645594
CO479C00;AFACT518C00;29/11/2020;31067;1606645594_59;;;EUR;;1606645594
CO772C00;AFACT205C00;29/11/2020;11296;1606645594_475;;;EUR;;1606645594
CO193C00;MTACT865C00;29/11/2020;31994;1606645594_810;;;EUR;;1606645594
CO255C00;BAACT782C00;29/11/2020;49139;1606645594_589;;;EUR;;1606645594
CO497C00;MTACT065C00;29/11/2020;7361;1606645594_693;;;EUR;;1606645594
CO803C00;BAACT087C00;29/11/2020;15516;1606645594_280;;;EUR;;1606645594
CO914C00;AFACT813C00;29/11/2020;10356;1606645594_973;;;EUR;;1606645594
CO429C00;AFACT429C00;29/11/2020;18542;1606645594_192;;;EUR;;1606645594
CO864C00;AFACT872C00;29/11/2020;27779;1606645594_156;;;EUR;;1606645594
CO323C00;BAACT765C00;29/11/2020;20496;1606645594_227;;;EUR;;1606645594
CO620C00;BAACT577C00;29/11/2020;2083;1606645594_421;;;EUR;;1606645594
CO019C00;AFACT929C00;29/11/2020;27927;1606645594_571;;;EUR;;1606645594
CO868C00;MTACT827C00;29/11/2020;26076;1606645594_792;;;EUR;;1606645594
CO555C00;MTACT078C00;29/11/2020;36115;1606645594_309;;;EUR;;1606645594
CO316C00;BAACT786C00;29/11/2020;5855;1606645594_361;;;EUR;;1606645594
CO252C00;AFACT308C00;29/11/2020;39546;1606645594_164;;;EUR;;1606645594
CO976C00;BAACT012C00;29/11/2020;24280;1606645594_986;;;EUR;;1606645594
CO840C00;BAACT651C00;29/11/2020;36675;1606645594_608;;;EUR;;1606645594
CO080C00;MTACT932C00;29/11/2020;43998;1606645594_880;;;EUR;;1606645594
CO835C00;AFACT265C00;29/11/2020;5563;1606645594_291;;;EUR;;1606645594
CO669C00;BAACT074C00;29/11/2020;23113;1606645594_913;;;EUR;;1606645594
CO091C00;MTACT390C00;29/11/2020;13669;1606645594_785;;;EUR;;1606645594
CO713C00;MTACT761C00;29/11/2020;31119;1606645594_356;;;EUR;;1606645594
CO326C00;MTACT789C00;29/11/2020;7211;1606645594_290;;;EUR;;1606645594
CO786C00;AFACT392C00;29/11/2020;30888;1606645594_824;;;EUR;;1606645594
CO164C00;MTACT965C00;29/11/2020;23752;1606645594_612;;;EUR;;1606645594
CO250C00;AFACT568C00;29/11/2020;6623;1606645594_509;;;EUR;;1606645594
CO953C00;AFACT050C00;29/11/2020;20256;1606645594_151;;;EUR;;1606645594
CO897C00;BAACT318C00;29/11/2020;37352;1606645594_74;;;EUR;;1606645594
CO730C00;BAACT065C00;29/11/2020;27815;1606645594_679;;;EUR;;1606645594
CO257C00;BAACT278C00;29/11/2020;34833;1606645594_672;;;EUR;;1606645594
CO216C00;BAACT545C00;29/11/2020;5681;1606645594_756;;;EUR;;1606645594
CO715C00;AFACT170C00;29/11/2020;10215;1606645594_208;;;EUR;;1606645594
CO225C00;AFACT117C00;29/11/2020;32845;1606645594_589;;;EUR;;1606645594
CO281C00;MTACT515C00;29/11/2020;17070;1606645594_132;;;EUR;;1606645594
CO569C00;AFACT233C00;29/11/2020;9923;1606645594_469;;;EUR;;1606645594
CO109C00;BAACT096C00;29/11/2020;26911;1606645594_846;;;EUR;;1606645594
CO432C00;AFACT198C00;29/11/2020;34999;1606645594_802;;;EUR;;1606645594
CO273C00;AFACT114C00;29/11/2020;38164;1606645594_885;;;EUR;;1606645594
CO592C00;AFACT841C00;29/11/2020;47281;1606645594_393;;;EUR;;1606645594
CO872C00;AFACT846C00;29/11/2020;47683;1606645594_350;;;EUR;;1606645594
CO858C00;MTACT824C00;29/11/2020;43440;1606645594_271;;;EUR;;1606645594
CO198C00;AFACT653C00;29/11/2020;28289;1606645594_383;;;EUR;;1606645594
CO600C00;MTACT897C00;29/11/2020;47426;1606645594_494;;;EUR;;1606645594
CO802C00;AFACT673C00;29/11/2020;45335;1606645594_780;;;EUR;;1606645594
CO850C00;BAACT636C00;29/11/2020;8281;1606645594_205;;;EUR;;1606645594
CO505C00;BAACT697C00;29/11/2020;24269;1606645594_525;;;EUR;;1606645594
CO188C00;MTACT552C00;29/11/2020;25391;1606645594_450;;;EUR;;1606645594
CO815C00;AFACT218C00;29/11/2020;13912;1606645594_571;;;EUR;;1606645594
CO110C00;MTACT349C00;29/11/2020;13770;1606645594_329;;;EUR;;1606645594
CO611C00;BAACT801C00;29/11/2020;8264;1606645594_779;;;EUR;;1606645594
CO981C00;BAACT946C00;29/11/2020;1185;1606645594_912;;;EUR;;1606645594
CO088C00;MTACT931C00;29/11/2020;36046;1606645594_374;;;EUR;;1606645594
CO000C00;MTACT082C00;29/11/2020;48107;1606645594_879;;;EUR;;1606645594
CO312C00;BAACT830C00;29/11/2020;14195;1606645594_519;;;EUR;;1606645594
CO413C00;AFACT984C00;29/11/2020;17244;1606645594_528;;;EUR;;1606645594
CO522C00;AFACT954C00;29/11/2020;1633;1606645594_618;;;EUR;;1606645594
CO102C00;BAACT672C00;29/11/2020;46651;1606645594_458;;;EUR;;1606645594
CO798C00;MTACT961C00;29/11/2020;7946;1606645594_872;;;EUR;;1606645594
CO970C00;MTACT593C00;29/11/2020;47463;1606645594_732;;;EUR;;1606645594
CO178C00;BAACT996C00;29/11/2020;24697;1606645594_499;;;EUR;;1606645594
CO523C00;AFACT497C00;29/11/2020;13081;1606645594_628;;;EUR;;1606645594
CO826C00;BAACT368C00;29/11/2020;5369;1606645594_728;;;EUR;;1606645594
CO534C00;BAACT806C00;29/11/2020;13557;1606645594_918;;;EUR;;1606645594
CO079C00;AFACT940C00;29/11/2020;23356;1606645594_426;;;EUR;;1606645594
CO849C00;AFACT467C00;29/11/2020;33942;1606645594_713;;;EUR;;1606645594
CO379C00;AFACT500C00;29/11/2020;2910;1606645594_209;;;EUR;;1606645594
CO002C00;BAACT314C00;29/11/2020;28853;1606645594_752;;;EUR;;1606645594
CO427C00;AFACT550C00;29/11/2020;45740;1606645594_307;;;EUR;;1606645594
CO075C00;BAACT434C00;29/11/2020;44547;1606645594_816;;;EUR;;1606645594
CO247C00;BAACT585C00;29/11/2020;16076;1606645594_233;;;EUR;;1606645594
CO630C00;AFACT387C00;29/11/2020;43784;1606645594_365;;;EUR;;1606645594
CO282C00;BAACT137C00;29/11/2020;10737;1606645594_546;;;EUR;;1606645594
CO059C00;AFACT633C00;29/11/2020;13400;1606645594_255;;;EUR;;1606645594
CO982C00;AFACT294C00;29/11/2020;38843;1606645594_193;;;EUR;;1606645594
CO819C00;AFACT018C00;29/11/2020;8597;1606645594_660;;;EUR;;1606645594
CO598C00;AFACT417C00;29/11/2020;34005;1606645594_597;;;EUR;;1606645594
CO485C00;MTACT296C00;29/11/2020;35506;1606645594_959;;;EUR;;1606645594
CO773C00;BAACT470C00;29/11/2020;13876;1606645594_9;;;EUR;;1606645594
CO046C00;MTACT416C00;29/11/2020;39841;1606645594_2;;;EUR;;1606645594
CO940C00;AFACT836C00;29/11/2020;47234;1606645594_422;;;EUR;;1606645594
CO801C00;MTACT787C00;29/11/2020;23984;1606645594_933;;;EUR;;1606645594
CO373C00;MTACT990C00;29/11/2020;26184;1606645594_116;;;EUR;;1606645594
CO690C00;AFACT978C00;29/11/2020;40734;1606645594_290;;;EUR;;1606645594
CO283C00;MTACT736C00;29/11/2020;25123;1606645594_655;;;EUR;;1606645594
CO235C00;AFACT227C00;29/11/2020;18581;1606645594_955;;;EUR;;1606645594
CO007C00;MTACT037C00;29/11/2020;19307;1606645594_205;;;EUR;;1606645594
CO608C00;AFACT885C00;29/11/2020;41749;1606645594_109;;;EUR;;1606645594
CO230C00;BAACT329C00;29/11/2020;43579;1606645594_358;;;EUR;;1606645594
