CO323C00;MTACT893C00;29/11/2020;32773;1606645633_623;;;EUR;;1606645633
CO272C00;BAACT557C00;29/11/2020;43816;1606645633_796;;;EUR;;1606645633
CO204C00;BAACT795C00;29/11/2020;12190;1606645633_115;;;EUR;;1606645633
CO984C00;MTACT423C00;29/11/2020;45486;1606645633_421;;;EUR;;1606645633
CO694C00;AFACT319C00;29/11/2020;1124;1606645633_879;;;EUR;;1606645633
CO289C00;BAACT787C00;29/11/2020;40380;1606645633_911;;;EUR;;1606645633
CO764C00;MTACT887C00;29/11/2020;22249;1606645633_322;;;EUR;;1606645633
CO053C00;AFACT803C00;29/11/2020;42733;1606645633_548;;;EUR;;1606645633
CO852C00;AFACT428C00;29/11/2020;28269;1606645633_138;;;EUR;;1606645633
CO742C00;MTACT469C00;29/11/2020;3798;1606645633_131;;;EUR;;1606645633
CO244C00;BAACT402C00;29/11/2020;19580;1606645633_197;;;EUR;;1606645633
CO734C00;BAACT862C00;29/11/2020;2816;1606645633_14;;;EUR;;1606645633
CO409C00;BAACT811C00;29/11/2020;4391;1606645633_748;;;EUR;;1606645633
CO147C00;BAACT458C00;29/11/2020;8750;1606645633_607;;;EUR;;1606645633
CO973C00;BAACT598C00;29/11/2020;15245;1606645633_642;;;EUR;;1606645633
CO151C00;AFACT829C00;29/11/2020;18470;1606645633_839;;;EUR;;1606645633
CO915C00;AFACT840C00;29/11/2020;34735;1606645633_34;;;EUR;;1606645633
CO613C00;MTACT494C00;29/11/2020;46591;1606645633_503;;;EUR;;1606645633
CO615C00;MTACT080C00;29/11/2020;41564;1606645633_376;;;EUR;;1606645633
CO460C00;AFACT474C00;29/11/2020;2485;1606645633_208;;;EUR;;1606645633
CO250C00;AFACT643C00;29/11/2020;36304;1606645633_873;;;EUR;;1606645633
CO883C00;MTACT658C00;29/11/2020;3875;1606645633_311;;;EUR;;1606645633
CO188C00;MTACT999C00;29/11/2020;11034;1606645633_278;;;EUR;;1606645633
CO033C00;BAACT732C00;29/11/2020;45697;1606645633_504;;;EUR;;1606645633
CO173C00;BAACT942C00;29/11/2020;11555;1606645633_124;;;EUR;;1606645633
CO744C00;MTACT882C00;29/11/2020;30192;1606645633_216;;;EUR;;1606645633
CO417C00;AFACT983C00;29/11/2020;8035;1606645633_639;;;EUR;;1606645633
CO536C00;BAACT129C00;29/11/2020;589;1606645633_918;;;EUR;;1606645633
CO453C00;AFACT427C00;29/11/2020;7188;1606645633_454;;;EUR;;1606645633
CO911C00;MTACT998C00;29/11/2020;31309;1606645633_725;;;EUR;;1606645633
CO001C00;AFACT499C00;29/11/2020;4791;1606645633_967;;;EUR;;1606645633
CO738C00;BAACT524C00;29/11/2020;27481;1606645633_491;;;EUR;;1606645633
CO354C00;AFACT152C00;29/11/2020;1870;1606645633_233;;;EUR;;1606645633
CO654C00;BAACT822C00;29/11/2020;6377;1606645633_176;;;EUR;;1606645633
CO722C00;AFACT512C00;29/11/2020;16941;1606645633_373;;;EUR;;1606645633
CO208C00;AFACT818C00;29/11/2020;14672;1606645633_165;;;EUR;;1606645633
CO641C00;BAACT782C00;29/11/2020;4171;1606645633_634;;;EUR;;1606645633
CO904C00;BAACT433C00;29/11/2020;21698;1606645633_693;;;EUR;;1606645633
CO598C00;BAACT653C00;29/11/2020;2290;1606645633_183;;;EUR;;1606645633
CO635C00;AFACT052C00;29/11/2020;4733;1606645633_531;;;EUR;;1606645633
CO411C00;AFACT601C00;29/11/2020;21611;1606645633_633;;;EUR;;1606645633
CO344C00;BAACT735C00;29/11/2020;27696;1606645633_301;;;EUR;;1606645633
CO434C00;BAACT621C00;29/11/2020;27376;1606645633_568;;;EUR;;1606645633
CO929C00;BAACT888C00;29/11/2020;30394;1606645633_14;;;EUR;;1606645633
CO142C00;BAACT717C00;29/11/2020;34876;1606645633_73;;;EUR;;1606645633
CO329C00;BAACT028C00;29/11/2020;33642;1606645633_915;;;EUR;;1606645633
CO378C00;MTACT406C00;29/11/2020;4157;1606645633_954;;;EUR;;1606645633
CO520C00;MTACT769C00;29/11/2020;30315;1606645633_67;;;EUR;;1606645633
CO665C00;MTACT105C00;29/11/2020;18033;1606645633_176;;;EUR;;1606645633
CO939C00;AFACT650C00;29/11/2020;14873;1606645633_671;;;EUR;;1606645633
CO870C00;BAACT422C00;29/11/2020;32905;1606645633_559;;;EUR;;1606645633
CO101C00;MTACT810C00;29/11/2020;9799;1606645633_396;;;EUR;;1606645633
CO150C00;AFACT341C00;29/11/2020;36099;1606645633_603;;;EUR;;1606645633
CO286C00;MTACT915C00;29/11/2020;24994;1606645633_245;;;EUR;;1606645633
CO022C00;AFACT685C00;29/11/2020;24687;1606645633_979;;;EUR;;1606645633
CO810C00;BAACT963C00;29/11/2020;10572;1606645633_977;;;EUR;;1606645633
CO410C00;BAACT207C00;29/11/2020;35197;1606645633_392;;;EUR;;1606645633
CO172C00;MTACT246C00;29/11/2020;31695;1606645633_523;;;EUR;;1606645633
CO041C00;MTACT355C00;29/11/2020;42602;1606645633_268;;;EUR;;1606645633
CO315C00;BAACT978C00;29/11/2020;21518;1606645633_718;;;EUR;;1606645633
CO559C00;BAACT306C00;29/11/2020;7890;1606645633_988;;;EUR;;1606645633
CO527C00;AFACT712C00;29/11/2020;44419;1606645633_666;;;EUR;;1606645633
CO802C00;MTACT358C00;29/11/2020;41360;1606645633_735;;;EUR;;1606645633
CO885C00;BAACT270C00;29/11/2020;43413;1606645633_65;;;EUR;;1606645633
CO023C00;BAACT933C00;29/11/2020;26724;1606645633_971;;;EUR;;1606645633
CO797C00;BAACT815C00;29/11/2020;37859;1606645633_557;;;EUR;;1606645633
CO921C00;AFACT989C00;29/11/2020;11126;1606645633_481;;;EUR;;1606645633
CO050C00;BAACT042C00;29/11/2020;37773;1606645633_803;;;EUR;;1606645633
CO389C00;MTACT411C00;29/11/2020;40551;1606645633_594;;;EUR;;1606645633
CO170C00;AFACT116C00;29/11/2020;49875;1606645633_338;;;EUR;;1606645633
CO671C00;MTACT616C00;29/11/2020;43827;1606645633_180;;;EUR;;1606645633
CO343C00;AFACT717C00;29/11/2020;42020;1606645633_727;;;EUR;;1606645633
CO055C00;AFACT216C00;29/11/2020;9421;1606645633_662;;;EUR;;1606645633
CO578C00;BAACT547C00;29/11/2020;21760;1606645633_290;;;EUR;;1606645633
CO259C00;AFACT324C00;29/11/2020;44260;1606645633_787;;;EUR;;1606645633
CO555C00;MTACT843C00;29/11/2020;35563;1606645633_870;;;EUR;;1606645633
CO297C00;BAACT850C00;29/11/2020;47914;1606645633_603;;;EUR;;1606645633
CO266C00;AFACT789C00;29/11/2020;2840;1606645633_522;;;EUR;;1606645633
CO782C00;BAACT203C00;29/11/2020;45640;1606645633_206;;;EUR;;1606645633
CO179C00;BAACT817C00;29/11/2020;11580;1606645633_542;;;EUR;;1606645633
CO542C00;MTACT239C00;29/11/2020;44983;1606645633_792;;;EUR;;1606645633
CO716C00;BAACT463C00;29/11/2020;45771;1606645633_708;;;EUR;;1606645633
CO431C00;AFACT223C00;29/11/2020;23782;1606645633_540;;;EUR;;1606645633
CO348C00;BAACT351C00;29/11/2020;29729;1606645633_638;;;EUR;;1606645633
CO540C00;BAACT023C00;29/11/2020;25234;1606645633_336;;;EUR;;1606645633
CO040C00;BAACT079C00;29/11/2020;22908;1606645633_505;;;EUR;;1606645633
CO516C00;MTACT053C00;29/11/2020;1185;1606645633_864;;;EUR;;1606645633
CO851C00;BAACT436C00;29/11/2020;29050;1606645633_514;;;EUR;;1606645633
CO406C00;BAACT126C00;29/11/2020;10941;1606645633_400;;;EUR;;1606645633
CO079C00;MTACT994C00;29/11/2020;24230;1606645633_147;;;EUR;;1606645633
CO887C00;AFACT455C00;29/11/2020;42968;1606645633_463;;;EUR;;1606645633
CO199C00;MTACT221C00;29/11/2020;17321;1606645633_518;;;EUR;;1606645633
CO473C00;MTACT652C00;29/11/2020;8427;1606645633_362;;;EUR;;1606645633
CO265C00;MTACT300C00;29/11/2020;23567;1606645633_729;;;EUR;;1606645633
CO412C00;AFACT464C00;29/11/2020;17007;1606645633_848;;;EUR;;1606645633
CO976C00;AFACT255C00;29/11/2020;15326;1606645633_381;;;EUR;;1606645633
CO235C00;MTACT941C00;29/11/2020;15435;1606645633_325;;;EUR;;1606645633
CO966C00;AFACT784C00;29/11/2020;22141;1606645633_337;;;EUR;;1606645633
CO597C00;BAACT337C00;29/11/2020;26568;1606645633_199;;;EUR;;1606645633
CO262C00;MTACT392C00;29/11/2020;23838;1606645633_910;;;EUR;;1606645633
CO826C00;MTACT327C00;29/11/2020;22023;1606645633_500;;;EUR;;1606645633
CO048C00;BAACT612C00;29/11/2020;47403;1606645633_778;;;EUR;;1606645633
CO525C00;AFACT461C00;29/11/2020;12172;1606645633_957;;;EUR;;1606645633
CO688C00;MTACT088C00;29/11/2020;6110;1606645633_622;;;EUR;;1606645633
CO447C00;AFACT690C00;29/11/2020;8000;1606645633_607;;;EUR;;1606645633
CO912C00;MTACT759C00;29/11/2020;34922;1606645633_467;;;EUR;;1606645633
CO356C00;BAACT086C00;29/11/2020;25938;1606645633_1;;;EUR;;1606645633
CO561C00;MTACT753C00;29/11/2020;213;1606645633_380;;;EUR;;1606645633
CO326C00;AFACT564C00;29/11/2020;47910;1606645633_393;;;EUR;;1606645633
CO436C00;MTACT718C00;29/11/2020;36981;1606645633_894;;;EUR;;1606645633
CO603C00;AFACT678C00;29/11/2020;2470;1606645633_990;;;EUR;;1606645633
CO586C00;BAACT661C00;29/11/2020;44873;1606645633_468;;;EUR;;1606645633
CO430C00;MTACT036C00;29/11/2020;46352;1606645633_98;;;EUR;;1606645633
CO573C00;BAACT246C00;29/11/2020;25237;1606645633_681;;;EUR;;1606645633
CO812C00;BAACT258C00;29/11/2020;46733;1606645633_311;;;EUR;;1606645633
CO728C00;AFACT466C00;29/11/2020;44335;1606645633_441;;;EUR;;1606645633
CO849C00;MTACT020C00;29/11/2020;44365;1606645633_345;;;EUR;;1606645633
CO532C00;MTACT094C00;29/11/2020;48687;1606645633_179;;;EUR;;1606645633
CO291C00;MTACT785C00;29/11/2020;48387;1606645633_663;;;EUR;;1606645633
CO096C00;MTACT362C00;29/11/2020;35493;1606645633_582;;;EUR;;1606645633
CO448C00;BAACT398C00;29/11/2020;46024;1606645633_10;;;EUR;;1606645633
CO322C00;AFACT680C00;29/11/2020;3723;1606645633_307;;;EUR;;1606645633
CO666C00;AFACT807C00;29/11/2020;21671;1606645633_916;;;EUR;;1606645633
CO890C00;MTACT443C00;29/11/2020;39939;1606645633_609;;;EUR;;1606645633
CO293C00;BAACT577C00;29/11/2020;22363;1606645633_452;;;EUR;;1606645633
CO049C00;AFACT944C00;29/11/2020;14469;1606645633_502;;;EUR;;1606645633
CO044C00;MTACT907C00;29/11/2020;13239;1606645633_179;;;EUR;;1606645633
CO799C00;AFACT842C00;29/11/2020;33092;1606645633_197;;;EUR;;1606645633
CO320C00;AFACT890C00;29/11/2020;46660;1606645633_921;;;EUR;;1606645633
CO372C00;BAACT209C00;29/11/2020;9;1606645633_550;;;EUR;;1606645633
CO855C00;AFACT175C00;29/11/2020;23728;1606645633_141;;;EUR;;1606645633
CO712C00;AFACT889C00;29/11/2020;40849;1606645633_383;;;EUR;;1606645633
CO995C00;BAACT490C00;29/11/2020;36420;1606645633_88;;;EUR;;1606645633
CO357C00;BAACT775C00;29/11/2020;12338;1606645633_852;;;EUR;;1606645633
CO958C00;MTACT831C00;29/11/2020;2738;1606645633_104;;;EUR;;1606645633
CO557C00;BAACT082C00;29/11/2020;8527;1606645633_183;;;EUR;;1606645633
CO571C00;MTACT803C00;29/11/2020;34297;1606645633_298;;;EUR;;1606645633
CO508C00;AFACT998C00;29/11/2020;20661;1606645633_108;;;EUR;;1606645633
CO117C00;BAACT613C00;29/11/2020;30549;1606645633_315;;;EUR;;1606645633
CO726C00;MTACT623C00;29/11/2020;6955;1606645633_378;;;EUR;;1606645633
CO774C00;MTACT603C00;29/11/2020;5419;1606645633_917;;;EUR;;1606645633
CO676C00;MTACT332C00;29/11/2020;5831;1606645633_707;;;EUR;;1606645633
CO299C00;BAACT686C00;29/11/2020;36719;1606645633_713;;;EUR;;1606645633
CO164C00;BAACT161C00;29/11/2020;48608;1606645633_630;;;EUR;;1606645633
CO674C00;BAACT714C00;29/11/2020;36239;1606645633_38;;;EUR;;1606645633
CO240C00;BAACT136C00;29/11/2020;15908;1606645633_803;;;EUR;;1606645633
CO021C00;BAACT877C00;29/11/2020;17573;1606645633_571;;;EUR;;1606645633
CO572C00;BAACT944C00;29/11/2020;17937;1606645633_776;;;EUR;;1606645633
CO751C00;AFACT623C00;29/11/2020;38024;1606645633_31;;;EUR;;1606645633
CO026C00;MTACT173C00;29/11/2020;44884;1606645633_438;;;EUR;;1606645633
CO480C00;AFACT595C00;29/11/2020;28477;1606645633_470;;;EUR;;1606645633
CO523C00;MTACT717C00;29/11/2020;6041;1606645633_282;;;EUR;;1606645633
CO681C00;BAACT001C00;29/11/2020;15359;1606645633_298;;;EUR;;1606645633
CO292C00;BAACT790C00;29/11/2020;34832;1606645633_480;;;EUR;;1606645633
CO124C00;BAACT418C00;29/11/2020;23123;1606645633_494;;;EUR;;1606645633
CO832C00;BAACT724C00;29/11/2020;15672;1606645633_826;;;EUR;;1606645633
CO442C00;AFACT433C00;29/11/2020;8734;1606645633_618;;;EUR;;1606645633
CO986C00;MTACT484C00;29/11/2020;26507;1606645633_568;;;EUR;;1606645633
CO361C00;BAACT824C00;29/11/2020;16067;1606645633_417;;;EUR;;1606645633
CO121C00;AFACT663C00;29/11/2020;11334;1606645633_276;;;EUR;;1606645633
CO866C00;AFACT233C00;29/11/2020;33460;1606645633_307;;;EUR;;1606645633
CO328C00;MTACT596C00;29/11/2020;13675;1606645633_852;;;EUR;;1606645633
CO379C00;BAACT248C00;29/11/2020;47764;1606645633_718;;;EUR;;1606645633
CO760C00;AFACT940C00;29/11/2020;40608;1606645633_216;;;EUR;;1606645633
CO960C00;BAACT799C00;29/11/2020;1955;1606645633_146;;;EUR;;1606645633
CO413C00;BAACT743C00;29/11/2020;26187;1606645633_836;;;EUR;;1606645633
CO601C00;AFACT034C00;29/11/2020;19233;1606645633_480;;;EUR;;1606645633
CO985C00;MTACT800C00;29/11/2020;4194;1606645633_481;;;EUR;;1606645633
CO682C00;BAACT252C00;29/11/2020;9141;1606645633_583;;;EUR;;1606645633
CO423C00;BAACT827C00;29/11/2020;30886;1606645633_466;;;EUR;;1606645633
CO364C00;MTACT021C00;29/11/2020;44894;1606645633_55;;;EUR;;1606645633
CO256C00;MTACT160C00;29/11/2020;21709;1606645633_829;;;EUR;;1606645633
CO725C00;BAACT802C00;29/11/2020;30586;1606645633_696;;;EUR;;1606645633
CO974C00;AFACT929C00;29/11/2020;25735;1606645633_669;;;EUR;;1606645633
CO935C00;MTACT236C00;29/11/2020;20136;1606645633_152;;;EUR;;1606645633
CO464C00;AFACT049C00;29/11/2020;32980;1606645633_647;;;EUR;;1606645633
CO091C00;BAACT645C00;29/11/2020;16093;1606645633_452;;;EUR;;1606645633
CO775C00;BAACT591C00;29/11/2020;12776;1606645633_875;;;EUR;;1606645633
CO825C00;AFACT791C00;29/11/2020;27974;1606645633_918;;;EUR;;1606645633
CO376C00;BAACT477C00;29/11/2020;9165;1606645633_787;;;EUR;;1606645633
CO690C00;MTACT896C00;29/11/2020;44008;1606645633_831;;;EUR;;1606645633
CO647C00;MTACT570C00;29/11/2020;13701;1606645633_545;;;EUR;;1606645633
CO025C00;AFACT071C00;29/11/2020;2051;1606645633_210;;;EUR;;1606645633
CO073C00;MTACT394C00;29/11/2020;24951;1606645633_585;;;EUR;;1606645633
CO457C00;BAACT641C00;29/11/2020;25279;1606645633_112;;;EUR;;1606645633
CO103C00;BAACT863C00;29/11/2020;40991;1606645633_732;;;EUR;;1606645633
CO059C00;MTACT001C00;29/11/2020;3564;1606645633_195;;;EUR;;1606645633
CO132C00;MTACT900C00;29/11/2020;35316;1606645633_847;;;EUR;;1606645633
CO427C00;MTACT348C00;29/11/2020;3071;1606645633_296;;;EUR;;1606645633
CO509C00;BAACT113C00;29/11/2020;40275;1606645633_280;;;EUR;;1606645633
CO816C00;AFACT073C00;29/11/2020;2744;1606645633_998;;;EUR;;1606645633
CO901C00;BAACT139C00;29/11/2020;13923;1606645633_993;;;EUR;;1606645633
CO790C00;BAACT394C00;29/11/2020;26034;1606645633_760;;;EUR;;1606645633
CO093C00;BAACT895C00;29/11/2020;19961;1606645633_813;;;EUR;;1606645633
CO659C00;AFACT276C00;29/11/2020;33450;1606645633_637;;;EUR;;1606645633
CO788C00;BAACT528C00;29/11/2020;49679;1606645633_925;;;EUR;;1606645633
CO445C00;MTACT944C00;29/11/2020;39515;1606645633_857;;;EUR;;1606645633
CO201C00;AFACT905C00;29/11/2020;31870;1606645633_768;;;EUR;;1606645633
CO878C00;AFACT734C00;29/11/2020;42453;1606645633_348;;;EUR;;1606645633
CO242C00;AFACT025C00;29/11/2020;29618;1606645633_72;;;EUR;;1606645633
CO668C00;BAACT088C00;29/11/2020;46002;1606645633_894;;;EUR;;1606645633
CO856C00;BAACT194C00;29/11/2020;47007;1606645633_87;;;EUR;;1606645633
CO227C00;BAACT366C00;29/11/2020;22246;1606645633_603;;;EUR;;1606645633
CO530C00;BAACT878C00;29/11/2020;33689;1606645633_459;;;EUR;;1606645633
CO148C00;AFACT016C00;29/11/2020;1518;1606645633_847;;;EUR;;1606645633
CO276C00;BAACT376C00;29/11/2020;27746;1606645633_502;;;EUR;;1606645633
CO847C00;AFACT501C00;29/11/2020;31847;1606645633_831;;;EUR;;1606645633
CO102C00;BAACT875C00;29/11/2020;1990;1606645633_756;;;EUR;;1606645633
CO185C00;MTACT608C00;29/11/2020;8571;1606645633_629;;;EUR;;1606645633
CO123C00;AFACT952C00;29/11/2020;36054;1606645633_542;;;EUR;;1606645633
CO580C00;MTACT923C00;29/11/2020;26340;1606645633_957;;;EUR;;1606645633
CO312C00;AFACT380C00;29/11/2020;49803;1606645633_192;;;EUR;;1606645633
CO426C00;MTACT156C00;29/11/2020;43065;1606645633_472;;;EUR;;1606645633
CO349C00;MTACT678C00;29/11/2020;30183;1606645633_682;;;EUR;;1606645633
CO432C00;MTACT194C00;29/11/2020;16638;1606645633_963;;;EUR;;1606645633
CO552C00;AFACT652C00;29/11/2020;17835;1606645633_641;;;EUR;;1606645633
CO452C00;MTACT930C00;29/11/2020;21412;1606645633_787;;;EUR;;1606645633
CO758C00;AFACT009C00;29/11/2020;15812;1606645633_707;;;EUR;;1606645633
CO673C00;AFACT814C00;29/11/2020;25041;1606645633_245;;;EUR;;1606645633
CO811C00;MTACT706C00;29/11/2020;3315;1606645633_760;;;EUR;;1606645633
CO964C00;MTACT277C00;29/11/2020;16991;1606645633_706;;;EUR;;1606645633
CO429C00;MTACT265C00;29/11/2020;9652;1606645633_187;;;EUR;;1606645633
CO660C00;AFACT383C00;29/11/2020;20428;1606645633_779;;;EUR;;1606645633
CO608C00;AFACT353C00;29/11/2020;14044;1606645633_530;;;EUR;;1606645633
CO590C00;AFACT820C00;29/11/2020;20409;1606645633_757;;;EUR;;1606645633
CO551C00;AFACT915C00;29/11/2020;11887;1606645633_930;;;EUR;;1606645633
CO924C00;AFACT602C00;29/11/2020;22073;1606645633_224;;;EUR;;1606645633
CO749C00;MTACT299C00;29/11/2020;2541;1606645633_880;;;EUR;;1606645633
CO524C00;AFACT199C00;29/11/2020;47996;1606645633_317;;;EUR;;1606645633
CO645C00;BAACT864C00;29/11/2020;28707;1606645633_908;;;EUR;;1606645633
CO624C00;BAACT481C00;29/11/2020;30878;1606645633_404;;;EUR;;1606645633
CO067C00;MTACT008C00;29/11/2020;47352;1606645633_215;;;EUR;;1606645633
CO038C00;BAACT777C00;29/11/2020;13486;1606645633_534;;;EUR;;1606645633
CO083C00;BAACT907C00;29/11/2020;40472;1606645633_458;;;EUR;;1606645633
CO387C00;BAACT712C00;29/11/2020;3975;1606645633_146;;;EUR;;1606645633
CO032C00;MTACT428C00;29/11/2020;8231;1606645633_827;;;EUR;;1606645633
CO478C00;AFACT100C00;29/11/2020;2325;1606645633_774;;;EUR;;1606645633
CO913C00;BAACT338C00;29/11/2020;12297;1606645633_930;;;EUR;;1606645633
CO781C00;MTACT130C00;29/11/2020;43534;1606645633_914;;;EUR;;1606645633
CO467C00;MTACT064C00;29/11/2020;21986;1606645633_809;;;EUR;;1606645633
CO827C00;BAACT173C00;29/11/2020;42075;1606645633_577;;;EUR;;1606645633
CO979C00;AFACT666C00;29/11/2020;46378;1606645633_681;;;EUR;;1606645633
CO035C00;MTACT316C00;29/11/2020;1548;1606645633_755;;;EUR;;1606645633
CO879C00;MTACT062C00;29/11/2020;15501;1606645633_60;;;EUR;;1606645633
CO340C00;AFACT707C00;29/11/2020;15039;1606645633_438;;;EUR;;1606645633
CO184C00;BAACT583C00;29/11/2020;9906;1606645633_122;;;EUR;;1606645633
CO114C00;AFACT903C00;29/11/2020;19726;1606645633_723;;;EUR;;1606645633
CO472C00;BAACT506C00;29/11/2020;34531;1606645633_586;;;EUR;;1606645633
CO302C00;BAACT035C00;29/11/2020;44056;1606645633_338;;;EUR;;1606645633
CO916C00;BAACT316C00;29/11/2020;27139;1606645633_268;;;EUR;;1606645633
CO226C00;BAACT471C00;29/11/2020;43314;1606645633_805;;;EUR;;1606645633
CO422C00;MTACT842C00;29/11/2020;38366;1606645633_2;;;EUR;;1606645633
CO854C00;MTACT433C00;29/11/2020;8072;1606645633_20;;;EUR;;1606645633
CO280C00;MTACT840C00;29/11/2020;33812;1606645633_928;;;EUR;;1606645633
CO766C00;BAACT876C00;29/11/2020;9616;1606645633_642;;;EUR;;1606645633
CO495C00;BAACT887C00;29/11/2020;2478;1606645633_733;;;EUR;;1606645633
CO545C00;BAACT487C00;29/11/2020;47878;1606645633_714;;;EUR;;1606645633
CO007C00;MTACT029C00;29/11/2020;21642;1606645633_804;;;EUR;;1606645633
CO574C00;MTACT252C00;29/11/2020;36940;1606645633_259;;;EUR;;1606645633
CO616C00;MTACT587C00;29/11/2020;32814;1606645633_856;;;EUR;;1606645633
CO092C00;AFACT245C00;29/11/2020;3952;1606645633_136;;;EUR;;1606645633
CO479C00;AFACT566C00;29/11/2020;26546;1606645633_820;;;EUR;;1606645633
CO815C00;BAACT446C00;29/11/2020;29338;1606645633_451;;;EUR;;1606645633
CO992C00;MTACT520C00;29/11/2020;35064;1606645633_943;;;EUR;;1606645633
CO498C00;AFACT513C00;29/11/2020;23985;1606645633_336;;;EUR;;1606645633
CO512C00;AFACT090C00;29/11/2020;23198;1606645633_999;;;EUR;;1606645633
CO706C00;AFACT605C00;29/11/2020;5211;1606645633_735;;;EUR;;1606645633
CO727C00;MTACT476C00;29/11/2020;6670;1606645633_446;;;EUR;;1606645633
CO554C00;BAACT919C00;29/11/2020;16951;1606645633_196;;;EUR;;1606645633
CO842C00;AFACT546C00;29/11/2020;98;1606645633_228;;;EUR;;1606645633
CO221C00;BAACT460C00;29/11/2020;45090;1606645633_589;;;EUR;;1606645633
CO672C00;MTACT919C00;29/11/2020;28982;1606645633_606;;;EUR;;1606645633
CO338C00;MTACT869C00;29/11/2020;757;1606645633_128;;;EUR;;1606645633
CO009C00;AFACT956C00;29/11/2020;3021;1606645633_186;;;EUR;;1606645633
CO278C00;BAACT403C00;29/11/2020;48480;1606645633_357;;;EUR;;1606645633
CO275C00;MTACT684C00;29/11/2020;10315;1606645633_306;;;EUR;;1606645633
CO972C00;AFACT675C00;29/11/2020;47374;1606645633_917;;;EUR;;1606645633
CO564C00;AFACT123C00;29/11/2020;43792;1606645633_283;;;EUR;;1606645633
CO255C00;BAACT064C00;29/11/2020;38068;1606645633_261;;;EUR;;1606645633
CO628C00;BAACT582C00;29/11/2020;13219;1606645633_411;;;EUR;;1606645633
CO052C00;BAACT725C00;29/11/2020;41495;1606645633_620;;;EUR;;1606645633
CO752C00;MTACT280C00;29/11/2020;42700;1606645633_49;;;EUR;;1606645633
CO771C00;AFACT126C00;29/11/2020;13383;1606645633_91;;;EUR;;1606645633
CO627C00;BAACT857C00;29/11/2020;28975;1606645633_538;;;EUR;;1606645633
CO526C00;AFACT882C00;29/11/2020;43579;1606645633_759;;;EUR;;1606645633
CO419C00;BAACT006C00;29/11/2020;19911;1606645633_354;;;EUR;;1606645633
CO115C00;AFACT506C00;29/11/2020;24546;1606645633_651;;;EUR;;1606645633
CO834C00;BAACT533C00;29/11/2020;19461;1606645633_209;;;EUR;;1606645633
CO756C00;MTACT199C00;29/11/2020;45706;1606645633_263;;;EUR;;1606645633
CO463C00;BAACT213C00;29/11/2020;22388;1606645633_621;;;EUR;;1606645633
CO604C00;MTACT335C00;29/11/2020;21184;1606645633_300;;;EUR;;1606645633
CO531C00;MTACT357C00;29/11/2020;14906;1606645633_743;;;EUR;;1606645633
CO331C00;MTACT222C00;29/11/2020;4126;1606645633_841;;;EUR;;1606645633
CO290C00;AFACT345C00;29/11/2020;49523;1606645633_313;;;EUR;;1606645633
CO005C00;AFACT346C00;29/11/2020;22175;1606645633_130;;;EUR;;1606645633
CO558C00;AFACT590C00;29/11/2020;18935;1606645633_131;;;EUR;;1606645633
CO131C00;BAACT026C00;29/11/2020;23307;1606645633_33;;;EUR;;1606645633
CO736C00;MTACT815C00;29/11/2020;20507;1606645633_954;;;EUR;;1606645633
CO919C00;MTACT890C00;29/11/2020;36191;1606645633_205;;;EUR;;1606645633
CO908C00;AFACT036C00;29/11/2020;198;1606645633_762;;;EUR;;1606645633
CO607C00;MTACT310C00;29/11/2020;22290;1606645633_255;;;EUR;;1606645633
CO070C00;BAACT633C00;29/11/2020;39116;1606645633_542;;;EUR;;1606645633
CO107C00;MTACT307C00;29/11/2020;32792;1606645633_399;;;EUR;;1606645633
CO225C00;BAACT671C00;29/11/2020;29614;1606645633_359;;;EUR;;1606645633
CO393C00;BAACT749C00;29/11/2020;23019;1606645633_730;;;EUR;;1606645633
CO446C00;AFACT242C00;29/11/2020;28301;1606645633_33;;;EUR;;1606645633
CO401C00;MTACT243C00;29/11/2020;44506;1606645633_950;;;EUR;;1606645633
CO054C00;AFACT516C00;29/11/2020;16257;1606645633_121;;;EUR;;1606645633
CO823C00;MTACT857C00;29/11/2020;6194;1606645633_996;;;EUR;;1606645633
CO004C00;MTACT702C00;29/11/2020;1334;1606645633_279;;;EUR;;1606645633
CO327C00;MTACT703C00;29/11/2020;29102;1606645633_616;;;EUR;;1606645633
CO933C00;BAACT426C00;29/11/2020;31564;1606645633_856;;;EUR;;1606645633
CO792C00;AFACT246C00;29/11/2020;2029;1606645633_529;;;EUR;;1606645633
CO606C00;AFACT754C00;29/11/2020;15076;1606645633_642;;;EUR;;1606645633
CO519C00;BAACT925C00;29/11/2020;44037;1606645633_77;;;EUR;;1606645633
CO784C00;AFACT857C00;29/11/2020;39095;1606645633_570;;;EUR;;1606645633
CO871C00;MTACT189C00;29/11/2020;25720;1606645633_827;;;EUR;;1606645633
CO889C00;BAACT965C00;29/11/2020;45980;1606645633_987;;;EUR;;1606645633
CO462C00;BAACT184C00;29/11/2020;27393;1606645633_84;;;EUR;;1606645633
CO903C00;MTACT537C00;29/11/2020;10919;1606645633_159;;;EUR;;1606645633
CO359C00;AFACT334C00;29/11/2020;28077;1606645633_121;;;EUR;;1606645633
CO828C00;AFACT951C00;29/11/2020;11800;1606645633_605;;;EUR;;1606645633
CO971C00;MTACT082C00;29/11/2020;49575;1606645633_206;;;EUR;;1606645633
CO346C00;MTACT546C00;29/11/2020;24545;1606645633_502;;;EUR;;1606645633
CO141C00;MTACT666C00;29/11/2020;19767;1606645633_948;;;EUR;;1606645633
CO745C00;BAACT927C00;29/11/2020;43382;1606645633_165;;;EUR;;1606645633
CO848C00;BAACT059C00;29/11/2020;30688;1606645633_174;;;EUR;;1606645633
CO791C00;MTACT532C00;29/11/2020;11774;1606645633_346;;;EUR;;1606645633
CO927C00;BAACT688C00;29/11/2020;8018;1606645633_440;;;EUR;;1606645633
CO585C00;AFACT147C00;29/11/2020;12558;1606645633_147;;;EUR;;1606645633
CO104C00;BAACT899C00;29/11/2020;47102;1606645633_198;;;EUR;;1606645633
CO294C00;BAACT893C00;29/11/2020;21070;1606645633_523;;;EUR;;1606645633
CO548C00;AFACT262C00;29/11/2020;38842;1606645633_863;;;EUR;;1606645633
CO218C00;MTACT707C00;29/11/2020;14417;1606645633_546;;;EUR;;1606645633
CO657C00;AFACT876C00;29/11/2020;36317;1606645633_535;;;EUR;;1606645633
CO425C00;MTACT118C00;29/11/2020;26746;1606645633_741;;;EUR;;1606645633
CO643C00;MTACT417C00;29/11/2020;29917;1606645633_806;;;EUR;;1606645633
CO946C00;BAACT869C00;29/11/2020;34893;1606645633_205;;;EUR;;1606645633
CO867C00;AFACT618C00;29/11/2020;40679;1606645633_505;;;EUR;;1606645633
CO488C00;BAACT695C00;29/11/2020;43973;1606645633_331;;;EUR;;1606645633
CO350C00;AFACT196C00;29/11/2020;1832;1606645633_81;;;EUR;;1606645633
CO109C00;AFACT638C00;29/11/2020;11639;1606645633_779;;;EUR;;1606645633
CO692C00;MTACT295C00;29/11/2020;2721;1606645633_924;;;EUR;;1606645633
CO110C00;BAACT359C00;29/11/2020;19825;1606645633_584;;;EUR;;1606645633
CO652C00;AFACT597C00;29/11/2020;49574;1606645633_304;;;EUR;;1606645633
CO465C00;BAACT729C00;29/11/2020;321;1606645633_944;;;EUR;;1606645633
CO197C00;AFACT490C00;29/11/2020;36;1606645633_469;;;EUR;;1606645633
CO492C00;MTACT437C00;29/11/2020;44226;1606645633_439;;;EUR;;1606645633
CO609C00;AFACT942C00;29/11/2020;1624;1606645633_528;;;EUR;;1606645633
CO209C00;BAACT949C00;29/11/2020;27914;1606645633_190;;;EUR;;1606645633
CO305C00;AFACT835C00;29/11/2020;363;1606645633_113;;;EUR;;1606645633
CO264C00;MTACT656C00;29/11/2020;39226;1606645633_798;;;EUR;;1606645633
CO304C00;BAACT242C00;29/11/2020;13118;1606645633_518;;;EUR;;1606645633
CO468C00;AFACT549C00;29/11/2020;11000;1606645633_522;;;EUR;;1606645633
CO174C00;AFACT125C00;29/11/2020;25718;1606645633_331;;;EUR;;1606645633
CO990C00;BAACT062C00;29/11/2020;18093;1606645633_981;;;EUR;;1606645633
CO414C00;MTACT420C00;29/11/2020;42346;1606645633_149;;;EUR;;1606645633
CO486C00;BAACT789C00;29/11/2020;22506;1606645633_142;;;EUR;;1606645633
CO701C00;BAACT236C00;29/11/2020;38387;1606645633_532;;;EUR;;1606645633
CO296C00;BAACT832C00;29/11/2020;4105;1606645633_288;;;EUR;;1606645633
CO918C00;MTACT351C00;29/11/2020;29006;1606645633_606;;;EUR;;1606645633
CO779C00;BAACT158C00;29/11/2020;25962;1606645633_643;;;EUR;;1606645633
CO030C00;BAACT244C00;29/11/2020;48944;1606645633_116;;;EUR;;1606645633
CO089C00;AFACT194C00;29/11/2020;1257;1606645633_768;;;EUR;;1606645633
CO664C00;MTACT643C00;29/11/2020;37870;1606645633_266;;;EUR;;1606645633
CO704C00;MTACT687C00;29/11/2020;13802;1606645633_563;;;EUR;;1606645633
CO789C00;MTACT871C00;29/11/2020;3893;1606645633_305;;;EUR;;1606645633
CO768C00;MTACT314C00;29/11/2020;2753;1606645633_91;;;EUR;;1606645633
CO873C00;MTACT346C00;29/11/2020;28613;1606645633_89;;;EUR;;1606645633
CO252C00;BAACT736C00;29/11/2020;34845;1606645633_139;;;EUR;;1606645633
CO261C00;MTACT163C00;29/11/2020;3385;1606645633_45;;;EUR;;1606645633
CO698C00;MTACT142C00;29/11/2020;37641;1606645633_807;;;EUR;;1606645633
CO249C00;AFACT232C00;29/11/2020;16717;1606645633_922;;;EUR;;1606645633
CO449C00;BAACT642C00;29/11/2020;23651;1606645633_467;;;EUR;;1606645633
CO098C00;BAACT515C00;29/11/2020;11622;1606645633_173;;;EUR;;1606645633
CO638C00;BAACT959C00;29/11/2020;1540;1606645633_706;;;EUR;;1606645633
CO708C00;AFACT718C00;29/11/2020;49505;1606645633_663;;;EUR;;1606645633
CO819C00;AFACT984C00;29/11/2020;29106;1606645633_816;;;EUR;;1606645633
CO841C00;AFACT641C00;29/11/2020;11597;1606645633_515;;;EUR;;1606645633
CO251C00;AFACT673C00;29/11/2020;32642;1606645633_409;;;EUR;;1606645633
CO257C00;AFACT412C00;29/11/2020;38409;1606645633_433;;;EUR;;1606645633
CO390C00;BAACT055C00;29/11/2020;35254;1606645633_938;;;EUR;;1606645633
CO003C00;MTACT528C00;29/11/2020;37193;1606645633_402;;;EUR;;1606645633
CO863C00;AFACT043C00;29/11/2020;5276;1606645633_103;;;EUR;;1606645633
CO029C00;AFACT133C00;29/11/2020;23399;1606645633_532;;;EUR;;1606645633
CO391C00;BAACT027C00;29/11/2020;25234;1606645633_957;;;EUR;;1606645633
CO099C00;AFACT002C00;29/11/2020;15468;1606645633_24;;;EUR;;1606645633
CO190C00;BAACT201C00;29/11/2020;48539;1606645633_254;;;EUR;;1606645633
CO658C00;AFACT227C00;29/11/2020;41681;1606645633_58;;;EUR;;1606645633
CO717C00;BAACT329C00;29/11/2020;48037;1606645633_785;;;EUR;;1606645633
CO575C00;AFACT460C00;29/11/2020;38741;1606645633_249;;;EUR;;1606645633
CO770C00;BAACT552C00;29/11/2020;22735;1606645633_645;;;EUR;;1606645633
CO487C00;AFACT860C00;29/11/2020;33802;1606645633_697;;;EUR;;1606645633
CO902C00;BAACT324C00;29/11/2020;5476;1606645633_955;;;EUR;;1606645633
CO796C00;MTACT468C00;29/11/2020;47319;1606645633_16;;;EUR;;1606645633
CO388C00;MTACT174C00;29/11/2020;44790;1606645633_724;;;EUR;;1606645633
CO679C00;MTACT867C00;29/11/2020;18400;1606645633_187;;;EUR;;1606645633
CO593C00;AFACT182C00;29/11/2020;22415;1606645633_839;;;EUR;;1606645633
CO268C00;MTACT143C00;29/11/2020;1770;1606645633_198;;;EUR;;1606645633
CO860C00;AFACT390C00;29/11/2020;12670;1606645633_702;;;EUR;;1606645633
CO461C00;MTACT959C00;29/11/2020;4110;1606645633_153;;;EUR;;1606645633
CO157C00;AFACT229C00;29/11/2020;35527;1606645633_482;;;EUR;;1606645633
CO703C00;BAACT910C00;29/11/2020;34289;1606645633_812;;;EUR;;1606645633
CO897C00;BAACT760C00;29/11/2020;14984;1606645633_73;;;EUR;;1606645633
CO077C00;BAACT432C00;29/11/2020;2992;1606645633_781;;;EUR;;1606645633
CO563C00;BAACT758C00;29/11/2020;35118;1606645633_931;;;EUR;;1606645633
CO084C00;MTACT984C00;29/11/2020;26890;1606645633_868;;;EUR;;1606645633
CO269C00;BAACT860C00;29/11/2020;5752;1606645633_861;;;EUR;;1606645633
CO399C00;AFACT393C00;29/11/2020;10460;1606645633_775;;;EUR;;1606645633
CO477C00;MTACT931C00;29/11/2020;29778;1606645633_782;;;EUR;;1606645633
CO451C00;AFACT823C00;29/11/2020;39243;1606645633_618;;;EUR;;1606645633
CO471C00;AFACT787C00;29/11/2020;38589;1606645633_244;;;EUR;;1606645633
CO384C00;BAACT911C00;29/11/2020;3346;1606645633_440;;;EUR;;1606645633
CO533C00;MTACT722C00;29/11/2020;30849;1606645633_208;;;EUR;;1606645633
CO333C00;MTACT126C00;29/11/2020;45128;1606645633_500;;;EUR;;1606645633
CO678C00;AFACT081C00;29/11/2020;48050;1606645633_205;;;EUR;;1606645633
CO017C00;AFACT388C00;29/11/2020;43898;1606645633_217;;;EUR;;1606645633
CO454C00;BAACT830C00;29/11/2020;41542;1606645633_388;;;EUR;;1606645633
CO351C00;BAACT903C00;29/11/2020;33432;1606645633_576;;;EUR;;1606645633
CO840C00;AFACT551C00;29/11/2020;31038;1606645633_96;;;EUR;;1606645633
CO822C00;BAACT419C00;29/11/2020;49493;1606645633_217;;;EUR;;1606645633
CO140C00;MTACT275C00;29/11/2020;47842;1606645633_31;;;EUR;;1606645633
CO469C00;BAACT625C00;29/11/2020;35369;1606645633_353;;;EUR;;1606645633
CO962C00;MTACT937C00;29/11/2020;19963;1606645633_341;;;EUR;;1606645633
CO663C00;AFACT922C00;29/11/2020;36995;1606645633_836;;;EUR;;1606645633
CO154C00;BAACT659C00;29/11/2020;3992;1606645633_568;;;EUR;;1606645633
CO219C00;BAACT708C00;29/11/2020;31512;1606645633_114;;;EUR;;1606645633
CO795C00;AFACT015C00;29/11/2020;25036;1606645633_900;;;EUR;;1606645633
CO794C00;MTACT749C00;29/11/2020;36227;1606645633_786;;;EUR;;1606645633
CO778C00;MTACT003C00;29/11/2020;15249;1606645633_15;;;EUR;;1606645633
CO875C00;BAACT137C00;29/11/2020;35913;1606645633_791;;;EUR;;1606645633
CO474C00;BAACT800C00;29/11/2020;10344;1606645633_645;;;EUR;;1606645633
CO649C00;BAACT849C00;29/11/2020;30594;1606645633_565;;;EUR;;1606645633
CO403C00;MTACT431C00;29/11/2020;35544;1606645633_88;;;EUR;;1606645633
CO169C00;MTACT245C00;29/11/2020;2373;1606645633_32;;;EUR;;1606645633
CO195C00;MTACT312C00;29/11/2020;16600;1606645633_970;;;EUR;;1606645633
CO295C00;MTACT698C00;29/11/2020;46345;1606645633_30;;;EUR;;1606645633
CO386C00;BAACT715C00;29/11/2020;31365;1606645633_378;;;EUR;;1606645633
CO715C00;AFACT660C00;29/11/2020;10978;1606645633_779;;;EUR;;1606645633
CO068C00;MTACT557C00;29/11/2020;29716;1606645633_684;;;EUR;;1606645633
CO128C00;MTACT268C00;29/11/2020;10772;1606645633_955;;;EUR;;1606645633
CO896C00;BAACT407C00;29/11/2020;10915;1606645633_415;;;EUR;;1606645633
CO273C00;BAACT256C00;29/11/2020;29766;1606645633_584;;;EUR;;1606645633
CO175C00;BAACT473C00;29/11/2020;11913;1606645633_783;;;EUR;;1606645633
CO047C00;MTACT561C00;29/11/2020;631;1606645633_15;;;EUR;;1606645633
CO043C00;MTACT540C00;29/11/2020;35810;1606645633_741;;;EUR;;1606645633
CO301C00;MTACT934C00;29/11/2020;49958;1606645633_8;;;EUR;;1606645633
CO537C00;AFACT107C00;29/11/2020;3779;1606645633_698;;;EUR;;1606645633
CO116C00;MTACT352C00;29/11/2020;16850;1606645633_37;;;EUR;;1606645633
CO400C00;MTACT177C00;29/11/2020;33520;1606645633_879;;;EUR;;1606645633
CO210C00;BAACT135C00;29/11/2020;35224;1606645633_278;;;EUR;;1606645633
CO014C00;BAACT125C00;29/11/2020;46607;1606645633_712;;;EUR;;1606645633
CO910C00;AFACT914C00;29/11/2020;40309;1606645633_364;;;EUR;;1606645633
CO661C00;BAACT141C00;29/11/2020;47985;1606645633_704;;;EUR;;1606645633
CO872C00;MTACT581C00;29/11/2020;19900;1606645633_462;;;EUR;;1606645633
CO730C00;MTACT099C00;29/11/2020;39151;1606645633_409;;;EUR;;1606645633
CO176C00;BAACT269C00;29/11/2020;26107;1606645633_11;;;EUR;;1606645633
CO152C00;AFACT224C00;29/11/2020;42981;1606645633_571;;;EUR;;1606645633
CO858C00;BAACT803C00;29/11/2020;9619;1606645633_313;;;EUR;;1606645633
CO877C00;BAACT716C00;29/11/2020;16779;1606645633_587;;;EUR;;1606645633
CO925C00;MTACT270C00;29/11/2020;47745;1606645633_676;;;EUR;;1606645633
CO611C00;BAACT172C00;29/11/2020;28130;1606645633_629;;;EUR;;1606645633
CO521C00;MTACT203C00;29/11/2020;18521;1606645633_9;;;EUR;;1606645633
CO968C00;AFACT615C00;29/11/2020;19462;1606645633_88;;;EUR;;1606645633
CO963C00;BAACT565C00;29/11/2020;27227;1606645633_178;;;EUR;;1606645633
CO801C00;AFACT670C00;29/11/2020;4673;1606645633_870;;;EUR;;1606645633
CO012C00;BAACT605C00;29/11/2020;38518;1606645633_914;;;EUR;;1606645633
CO922C00;AFACT560C00;29/11/2020;36745;1606645633_39;;;EUR;;1606645633
CO936C00;MTACT294C00;29/11/2020;43116;1606645633_362;;;EUR;;1606645633
CO481C00;MTACT284C00;29/11/2020;31117;1606645633_369;;;EUR;;1606645633
CO600C00;AFACT865C00;29/11/2020;20551;1606645633_279;;;EUR;;1606645633
CO711C00;AFACT557C00;29/11/2020;17104;1606645633_859;;;EUR;;1606645633
CO650C00;AFACT070C00;29/11/2020;23053;1606645633_732;;;EUR;;1606645633
CO198C00;MTACT041C00;29/11/2020;24063;1606645633_621;;;EUR;;1606645633
CO934C00;BAACT609C00;29/11/2020;13302;1606645633_700;;;EUR;;1606645633
CO634C00;AFACT933C00;29/11/2020;28146;1606645633_579;;;EUR;;1606645633
CO373C00;BAACT664C00;29/11/2020;5305;1606645633_422;;;EUR;;1606645633
CO632C00;BAACT169C00;29/11/2020;45084;1606645633_977;;;EUR;;1606645633
CO614C00;MTACT342C00;29/11/2020;29452;1606645633_506;;;EUR;;1606645633
CO724C00;BAACT260C00;29/11/2020;21866;1606645633_387;;;EUR;;1606645633
CO042C00;BAACT309C00;29/11/2020;46090;1606645633_337;;;EUR;;1606645633
CO324C00;AFACT845C00;29/11/2020;28970;1606645633_769;;;EUR;;1606645633
CO120C00;AFACT810C00;29/11/2020;40227;1606645633_66;;;EUR;;1606645633
CO306C00;BAACT391C00;29/11/2020;20669;1606645633_666;;;EUR;;1606645633
CO435C00;MTACT626C00;29/11/2020;24051;1606645633_728;;;EUR;;1606645633
CO090C00;BAACT308C00;29/11/2020;6440;1606645633_349;;;EUR;;1606645633
CO994C00;MTACT290C00;29/11/2020;5318;1606645633_719;;;EUR;;1606645633
CO900C00;MTACT589C00;29/11/2020;8912;1606645633_227;;;EUR;;1606645633
CO347C00;AFACT800C00;29/11/2020;47192;1606645633_922;;;EUR;;1606645633
CO953C00;AFACT947C00;29/11/2020;18378;1606645633_820;;;EUR;;1606645633
CO515C00;AFACT994C00;29/11/2020;45727;1606645633_386;;;EUR;;1606645633
CO876C00;BAACT842C00;29/11/2020;23279;1606645633_630;;;EUR;;1606645633
CO833C00;MTACT049C00;29/11/2020;32054;1606645633_999;;;EUR;;1606645633
CO202C00;BAACT853C00;29/11/2020;7622;1606645633_596;;;EUR;;1606645633
CO214C00;AFACT486C00;29/11/2020;46879;1606645633_832;;;EUR;;1606645633
CO670C00;BAACT277C00;29/11/2020;7554;1606645633_990;;;EUR;;1606645633
CO066C00;BAACT882C00;29/11/2020;13921;1606645633_979;;;EUR;;1606645633
CO277C00;AFACT054C00;29/11/2020;46152;1606645633_507;;;EUR;;1606645633
CO932C00;MTACT043C00;29/11/2020;20073;1606645633_22;;;EUR;;1606645633
CO686C00;BAACT961C00;29/11/2020;3802;1606645633_452;;;EUR;;1606645633
CO807C00;BAACT595C00;29/11/2020;9961;1606645633_479;;;EUR;;1606645633
CO759C00;BAACT990C00;29/11/2020;24274;1606645633_458;;;EUR;;1606645633
CO955C00;AFACT542C00;29/11/2020;45224;1606645633_556;;;EUR;;1606645633
CO248C00;AFACT415C00;29/11/2020;15261;1606645633_991;;;EUR;;1606645633
CO965C00;AFACT203C00;29/11/2020;4442;1606645633_652;;;EUR;;1606645633
CO845C00;BAACT900C00;29/11/2020;4147;1606645633_292;;;EUR;;1606645633
CO233C00;MTACT850C00;29/11/2020;24753;1606645633_375;;;EUR;;1606645633
CO631C00;AFACT379C00;29/11/2020;6737;1606645633_557;;;EUR;;1606645633
CO234C00;BAACT450C00;29/11/2020;23702;1606645633_980;;;EUR;;1606645633
CO094C00;AFACT060C00;29/11/2020;12338;1606645633_414;;;EUR;;1606645633
CO947C00;AFACT708C00;29/11/2020;26331;1606645633_229;;;EUR;;1606645633
CO366C00;BAACT953C00;29/11/2020;16712;1606645633_859;;;EUR;;1606645633
CO496C00;MTACT738C00;29/11/2020;44356;1606645633_105;;;EUR;;1606645633
CO189C00;AFACT200C00;29/11/2020;30669;1606645633_94;;;EUR;;1606645633
CO061C00;AFACT188C00;29/11/2020;37439;1606645633_244;;;EUR;;1606645633
CO546C00;AFACT313C00;29/11/2020;29124;1606645633_600;;;EUR;;1606645633
CO058C00;MTACT496C00;29/11/2020;32535;1606645633_721;;;EUR;;1606645633
CO528C00;BAACT579C00;29/11/2020;12858;1606645633_795;;;EUR;;1606645633
CO514C00;AFACT183C00;29/11/2020;7764;1606645633_89;;;EUR;;1606645633
CO547C00;MTACT425C00;29/11/2020;13803;1606645633_962;;;EUR;;1606645633
CO466C00;BAACT658C00;29/11/2020;45314;1606645633_630;;;EUR;;1606645633
CO002C00;MTACT781C00;29/11/2020;10705;1606645633_686;;;EUR;;1606645633
CO396C00;MTACT483C00;29/11/2020;32975;1606645633_14;;;EUR;;1606645633
CO651C00;BAACT183C00;29/11/2020;34744;1606645633_491;;;EUR;;1606645633
CO010C00;BAACT190C00;29/11/2020;49720;1606645633_72;;;EUR;;1606645633
CO713C00;AFACT201C00;29/11/2020;3181;1606645633_230;;;EUR;;1606645633
CO353C00;BAACT056C00;29/11/2020;37677;1606645633_506;;;EUR;;1606645633
CO740C00;MTACT736C00;29/11/2020;14571;1606645633_515;;;EUR;;1606645633
CO458C00;MTACT835C00;29/11/2020;12448;1606645633_767;;;EUR;;1606645633
CO183C00;MTACT153C00;29/11/2020;49630;1606645633_599;;;EUR;;1606645633
CO999C00;AFACT354C00;29/11/2020;48354;1606645633_902;;;EUR;;1606645633
CO754C00;BAACT564C00;29/11/2020;47667;1606645633_222;;;EUR;;1606645633
CO714C00;AFACT726C00;29/11/2020;42393;1606645633_107;;;EUR;;1606645633
CO057C00;BAACT808C00;29/11/2020;21694;1606645633_297;;;EUR;;1606645633
CO395C00;MTACT387C00;29/11/2020;38322;1606645633_698;;;EUR;;1606645633
CO497C00;MTACT120C00;29/11/2020;25175;1606645633_890;;;EUR;;1606645633
CO950C00;AFACT552C00;29/11/2020;1494;1606645633_255;;;EUR;;1606645633
CO862C00;BAACT991C00;29/11/2020;12870;1606645633_329;;;EUR;;1606645633
CO804C00;AFACT264C00;29/11/2020;1182;1606645633_780;;;EUR;;1606645633
CO667C00;BAACT896C00;29/11/2020;20380;1606645633_568;;;EUR;;1606645633
CO027C00;MTACT398C00;29/11/2020;5701;1606645633_882;;;EUR;;1606645633
CO808C00;AFACT530C00;29/11/2020;42074;1606645633_149;;;EUR;;1606645633
CO702C00;MTACT337C00;29/11/2020;6149;1606645633_141;;;EUR;;1606645633
CO926C00;AFACT976C00;29/11/2020;37387;1606645633_29;;;EUR;;1606645633
CO817C00;AFACT008C00;29/11/2020;48591;1606645633_533;;;EUR;;1606645633
CO380C00;MTACT237C00;29/11/2020;28228;1606645633_352;;;EUR;;1606645633
CO583C00;BAACT652C00;29/11/2020;5773;1606645633_301;;;EUR;;1606645633
CO196C00;BAACT718C00;29/11/2020;7649;1606645633_771;;;EUR;;1606645633
CO392C00;MTACT421C00;29/11/2020;4367;1606645633_753;;;EUR;;1606645633
CO074C00;MTACT311C00;29/11/2020;16438;1606645633_360;;;EUR;;1606645633
CO750C00;BAACT521C00;29/11/2020;24501;1606645633_980;;;EUR;;1606645633
CO622C00;MTACT701C00;29/11/2020;49583;1606645633_504;;;EUR;;1606645633
CO777C00;BAACT243C00;29/11/2020;21215;1606645633_754;;;EUR;;1606645633
CO206C00;AFACT285C00;29/11/2020;31638;1606645633_540;;;EUR;;1606645633
CO689C00;MTACT858C00;29/11/2020;11659;1606645633_591;;;EUR;;1606645633
CO231C00;MTACT525C00;29/11/2020;28943;1606645633_847;;;EUR;;1606645633
CO274C00;BAACT677C00;29/11/2020;13515;1606645633_844;;;EUR;;1606645633
CO693C00;AFACT720C00;29/11/2020;49973;1606645633_844;;;EUR;;1606645633
CO656C00;MTACT010C00;29/11/2020;4249;1606645633_367;;;EUR;;1606645633
CO381C00;BAACT287C00;29/11/2020;40464;1606645633_826;;;EUR;;1606645633
CO456C00;AFACT396C00;29/11/2020;10632;1606645633_322;;;EUR;;1606645633
CO865C00;AFACT561C00;29/11/2020;27190;1606645633_236;;;EUR;;1606645633
CO085C00;AFACT247C00;29/11/2020;19687;1606645633_647;;;EUR;;1606645633
CO149C00;AFACT651C00;29/11/2020;1196;1606645633_397;;;EUR;;1606645633
CO314C00;MTACT408C00;29/11/2020;25446;1606645633_910;;;EUR;;1606645633
CO943C00;MTACT169C00;29/11/2020;40901;1606645633_831;;;EUR;;1606645633
CO160C00;AFACT999C00;29/11/2020;469;1606645633_166;;;EUR;;1606645633
CO798C00;AFACT489C00;29/11/2020;30511;1606645633_866;;;EUR;;1606645633
CO898C00;BAACT970C00;29/11/2020;19746;1606645633_389;;;EUR;;1606645633
CO605C00;AFACT492C00;29/11/2020;8234;1606645633_696;;;EUR;;1606645633
CO620C00;AFACT392C00;29/11/2020;3961;1606645633_135;;;EUR;;1606645633
CO016C00;MTACT552C00;29/11/2020;40794;1606645633_740;;;EUR;;1606645633
CO814C00;MTACT101C00;29/11/2020;39324;1606645633_686;;;EUR;;1606645633
CO538C00;BAACT541C00;29/11/2020;42543;1606645633_252;;;EUR;;1606645633
CO217C00;MTACT262C00;29/11/2020;45180;1606645633_946;;;EUR;;1606645633
CO367C00;AFACT172C00;29/11/2020;34701;1606645633_137;;;EUR;;1606645633
CO617C00;BAACT955C00;29/11/2020;32140;1606645633_134;;;EUR;;1606645633
CO776C00;AFACT157C00;29/11/2020;8980;1606645633_794;;;EUR;;1606645633
CO592C00;AFACT487C00;29/11/2020;40753;1606645633_465;;;EUR;;1606645633
CO397C00;BAACT632C00;29/11/2020;14870;1606645633_68;;;EUR;;1606645633
CO191C00;BAACT624C00;29/11/2020;38280;1606645633_207;;;EUR;;1606645633
CO570C00;AFACT768C00;29/11/2020;40;1606645633_937;;;EUR;;1606645633
CO511C00;MTACT489C00;29/11/2020;39612;1606645633_599;;;EUR;;1606645633
CO718C00;AFACT181C00;29/11/2020;46836;1606645633_981;;;EUR;;1606645633
CO683C00;MTACT511C00;29/11/2020;23170;1606645633_286;;;EUR;;1606645633
CO182C00;MTACT251C00;29/11/2020;46611;1606645633_842;;;EUR;;1606645633
CO207C00;BAACT685C00;29/11/2020;31266;1606645633_245;;;EUR;;1606645633
CO241C00;MTACT950C00;29/11/2020;9188;1606645633_23;;;EUR;;1606645633
CO229C00;MTACT940C00;29/11/2020;14044;1606645633_800;;;EUR;;1606645633
CO385C00;MTACT074C00;29/11/2020;24464;1606645633_813;;;EUR;;1606645633
CO039C00;AFACT948C00;29/11/2020;4469;1606645633_915;;;EUR;;1606645633
CO729C00;MTACT990C00;29/11/2020;40364;1606645633_432;;;EUR;;1606645633
CO655C00;AFACT847C00;29/11/2020;28158;1606645633_896;;;EUR;;1606645633
CO906C00;AFACT881C00;29/11/2020;47562;1606645633_464;;;EUR;;1606645633
CO757C00;BAACT268C00;29/11/2020;28734;1606645633_490;;;EUR;;1606645633
CO153C00;BAACT399C00;29/11/2020;22345;1606645633_513;;;EUR;;1606645633
CO830C00;BAACT731C00;29/11/2020;37376;1606645633_655;;;EUR;;1606645633
CO028C00;AFACT770C00;29/11/2020;21265;1606645633_242;;;EUR;;1606645633
CO989C00;AFACT291C00;29/11/2020;11296;1606645633_246;;;EUR;;1606645633
CO279C00;BAACT806C00;29/11/2020;18893;1606645633_889;;;EUR;;1606645633
CO019C00;BAACT220C00;29/11/2020;41096;1606645633_776;;;EUR;;1606645633
CO938C00;AFACT333C00;29/11/2020;32400;1606645633_767;;;EUR;;1606645633
CO888C00;MTACT376C00;29/11/2020;35681;1606645633_566;;;EUR;;1606645633
CO088C00;BAACT902C00;29/11/2020;20533;1606645633_815;;;EUR;;1606645633
CO884C00;AFACT873C00;29/11/2020;43617;1606645633_13;;;EUR;;1606645633
CO952C00;MTACT884C00;29/11/2020;23691;1606645633_780;;;EUR;;1606645633
CO506C00;AFACT022C00;29/11/2020;25059;1606645633_381;;;EUR;;1606645633
CO105C00;BAACT044C00;29/11/2020;41256;1606645633_826;;;EUR;;1606645633
CO285C00;BAACT424C00;29/11/2020;11588;1606645633_536;;;EUR;;1606645633
CO060C00;BAACT134C00;29/11/2020;25491;1606645633_774;;;EUR;;1606645633
CO699C00;MTACT523C00;29/11/2020;24820;1606645633_707;;;EUR;;1606645633
CO363C00;AFACT407C00;29/11/2020;24029;1606645633_556;;;EUR;;1606645633
CO998C00;AFACT139C00;29/11/2020;18051;1606645633_99;;;EUR;;1606645633
CO319C00;MTACT176C00;29/11/2020;33296;1606645633_636;;;EUR;;1606645633
CO677C00;MTACT122C00;29/11/2020;44075;1606645633_983;;;EUR;;1606645633
CO166C00;MTACT708C00;29/11/2020;4440;1606645633_651;;;EUR;;1606645633
CO881C00;BAACT165C00;29/11/2020;333;1606645633_361;;;EUR;;1606645633
CO203C00;AFACT571C00;29/11/2020;29812;1606645633_711;;;EUR;;1606645633
CO513C00;BAACT797C00;29/11/2020;4372;1606645633_11;;;EUR;;1606645633
CO163C00;BAACT148C00;29/11/2020;2556;1606645633_365;;;EUR;;1606645633
CO629C00;BAACT240C00;29/11/2020;16621;1606645633_282;;;EUR;;1606645633
CO543C00;AFACT500C00;29/11/2020;6114;1606645633_721;;;EUR;;1606645633
CO106C00;MTACT761C00;29/11/2020;11734;1606645633_252;;;EUR;;1606645633
CO894C00;BAACT106C00;29/11/2020;37800;1606645633_772;;;EUR;;1606645633
CO374C00;MTACT521C00;29/11/2020;41206;1606645633_232;;;EUR;;1606645633
CO015C00;BAACT905C00;29/11/2020;37799;1606645633_938;;;EUR;;1606645633
CO072C00;AFACT832C00;29/11/2020;43420;1606645633_913;;;EUR;;1606645633
CO719C00;BAACT701C00;29/11/2020;34205;1606645633_36;;;EUR;;1606645633
CO345C00;BAACT048C00;29/11/2020;5828;1606645633_63;;;EUR;;1606645633
CO978C00;BAACT301C00;29/11/2020;35628;1606645633_760;;;EUR;;1606645633
CO177C00;MTACT024C00;29/11/2020;15624;1606645633_161;;;EUR;;1606645633
CO484C00;MTACT470C00;29/11/2020;8493;1606645633_350;;;EUR;;1606645633
CO223C00;AFACT565C00;29/11/2020;39880;1606645633_982;;;EUR;;1606645633
CO228C00;AFACT311C00;29/11/2020;32543;1606645633_263;;;EUR;;1606645633
CO437C00;BAACT757C00;29/11/2020;22183;1606645633_767;;;EUR;;1606645633
CO450C00;MTACT027C00;29/11/2020;28599;1606645633_872;;;EUR;;1606645633
CO809C00;MTACT016C00;29/11/2020;42016;1606645633_231;;;EUR;;1606645633
CO287C00;BAACT390C00;29/11/2020;27959;1606645633_923;;;EUR;;1606645633
CO700C00;BAACT154C00;29/11/2020;24265;1606645633_672;;;EUR;;1606645633
CO336C00;BAACT315C00;29/11/2020;22594;1606645633_886;;;EUR;;1606645633
CO470C00;BAACT494C00;29/11/2020;39362;1606645633_71;;;EUR;;1606645633
CO180C00;MTACT339C00;29/11/2020;667;1606645633_10;;;EUR;;1606645633
CO602C00;MTACT578C00;29/11/2020;42954;1606645633_355;;;EUR;;1606645633
CO424C00;AFACT668C00;29/11/2020;35872;1606645633_770;;;EUR;;1606645633
CO271C00;BAACT575C00;29/11/2020;41060;1606645633_410;;;EUR;;1606645633
CO441C00;MTACT497C00;29/11/2020;12557;1606645633_320;;;EUR;;1606645633
CO504C00;MTACT233C00;29/11/2020;40253;1606645633_747;;;EUR;;1606645633
CO143C00;AFACT735C00;29/11/2020;10662;1606645633_62;;;EUR;;1606645633
CO270C00;AFACT399C00;29/11/2020;23785;1606645633_183;;;EUR;;1606645633
CO518C00;MTACT577C00;29/11/2020;39296;1606645633_345;;;EUR;;1606645633
CO056C00;AFACT985C00;29/11/2020;45971;1606645633_99;;;EUR;;1606645633
CO662C00;MTACT977C00;29/11/2020;33364;1606645633_339;;;EUR;;1606645633
CO780C00;BAACT638C00;29/11/2020;2413;1606645633_93;;;EUR;;1606645633
CO307C00;AFACT540C00;29/11/2020;15034;1606645633_223;;;EUR;;1606645633
CO082C00;AFACT711C00;29/11/2020;13176;1606645633_953;;;EUR;;1606645633
CO562C00;MTACT909C00;29/11/2020;33797;1606645633_265;;;EUR;;1606645633
CO253C00;MTACT991C00;29/11/2020;41029;1606645633_254;;;EUR;;1606645633
CO646C00;AFACT498C00;29/11/2020;22439;1606645633_363;;;EUR;;1606645633
CO735C00;BAACT387C00;29/11/2020;5828;1606645633_855;;;EUR;;1606645633
CO139C00;AFACT722C00;29/11/2020;24425;1606645633_471;;;EUR;;1606645633
CO112C00;MTACT699C00;29/11/2020;23464;1606645633_47;;;EUR;;1606645633
CO237C00;AFACT338C00;29/11/2020;378;1606645633_105;;;EUR;;1606645633
CO687C00;BAACT405C00;29/11/2020;11252;1606645633_426;;;EUR;;1606645633
CO064C00;BAACT428C00;29/11/2020;11787;1606645633_543;;;EUR;;1606645633
CO318C00;MTACT134C00;29/11/2020;35326;1606645633_534;;;EUR;;1606645633
CO138C00;MTACT711C00;29/11/2020;30180;1606645633_247;;;EUR;;1606645633
CO843C00;BAACT906C00;29/11/2020;1719;1606645633_302;;;EUR;;1606645633
CO636C00;AFACT654C00;29/11/2020;34360;1606645633_139;;;EUR;;1606645633
CO895C00;MTACT881C00;29/11/2020;45802;1606645633_917;;;EUR;;1606645633
CO831C00;MTACT072C00;29/11/2020;47467;1606645633_973;;;EUR;;1606645633
CO721C00;AFACT166C00;29/11/2020;43349;1606645633_165;;;EUR;;1606645633
CO579C00;MTACT729C00;29/11/2020;20051;1606645633_652;;;EUR;;1606645633
CO162C00;AFACT068C00;29/11/2020;36378;1606645633_298;;;EUR;;1606645633
CO317C00;BAACT722C00;29/11/2020;25410;1606645633_624;;;EUR;;1606645633
CO993C00;BAACT164C00;29/11/2020;24688;1606645633_158;;;EUR;;1606645633
CO954C00;AFACT674C00;29/11/2020;32608;1606645633_820;;;EUR;;1606645633
CO596C00;MTACT971C00;29/11/2020;28043;1606645633_302;;;EUR;;1606645633
CO171C00;AFACT792C00;29/11/2020;44406;1606645633_449;;;EUR;;1606645633
CO838C00;MTACT947C00;29/11/2020;19405;1606645633_782;;;EUR;;1606645633
CO428C00;MTACT121C00;29/11/2020;27101;1606645633_353;;;EUR;;1606645633
CO594C00;AFACT084C00;29/11/2020;35459;1606645633_292;;;EUR;;1606645633
CO507C00;AFACT268C00;29/11/2020;35272;1606645633_313;;;EUR;;1606645633
CO741C00;BAACT813C00;29/11/2020;8458;1606645633_86;;;EUR;;1606645633
CO920C00;AFACT724C00;29/11/2020;15284;1606645633_373;;;EUR;;1606645633
CO086C00;BAACT602C00;29/11/2020;15156;1606645633_923;;;EUR;;1606645633
CO567C00;AFACT687C00;29/11/2020;10976;1606645633_105;;;EUR;;1606645633
CO581C00;MTACT499C00;29/11/2020;18702;1606645633_343;;;EUR;;1606645633
CO341C00;AFACT892C00;29/11/2020;11431;1606645633_998;;;EUR;;1606645633
CO113C00;MTACT254C00;29/11/2020;45024;1606645633_608;;;EUR;;1606645633
CO577C00;AFACT283C00;29/11/2020;48038;1606645633_550;;;EUR;;1606645633
CO167C00;MTACT818C00;29/11/2020;25449;1606645633_438;;;EUR;;1606645633
CO111C00;BAACT820C00;29/11/2020;18095;1606645633_710;;;EUR;;1606645633
CO653C00;AFACT239C00;29/11/2020;30923;1606645633_308;;;EUR;;1606645633
CO684C00;MTACT513C00;29/11/2020;29456;1606645633_812;;;EUR;;1606645633
CO874C00;AFACT695C00;29/11/2020;22748;1606645633_358;;;EUR;;1606645633
CO731C00;AFACT360C00;29/11/2020;29216;1606645633_157;;;EUR;;1606645633
CO156C00;BAACT996C00;29/11/2020;8033;1606645633_981;;;EUR;;1606645633
CO522C00;BAACT546C00;29/11/2020;14539;1606645633_893;;;EUR;;1606645633
CO420C00;AFACT802C00;29/11/2020;12800;1606645633_173;;;EUR;;1606645633
CO232C00;AFACT727C00;29/11/2020;35861;1606645633_614;;;EUR;;1606645633
CO416C00;AFACT532C00;29/11/2020;12999;1606645633_211;;;EUR;;1606645633
CO215C00;BAACT773C00;29/11/2020;49799;1606645633_388;;;EUR;;1606645633
CO763C00;AFACT066C00;29/11/2020;16693;1606645633_372;;;EUR;;1606645633
CO786C00;BAACT468C00;29/11/2020;15563;1606645633_724;;;EUR;;1606645633
CO377C00;MTACT772C00;29/11/2020;15195;1606645633_427;;;EUR;;1606645633
CO639C00;AFACT517C00;29/11/2020;8202;1606645633_204;;;EUR;;1606645633
CO045C00;BAACT502C00;29/11/2020;35238;1606645633_339;;;EUR;;1606645633
CO566C00;MTACT230C00;29/11/2020;4611;1606645633_486;;;EUR;;1606645633
CO145C00;AFACT289C00;29/11/2020;32394;1606645633_621;;;EUR;;1606645633
CO155C00;MTACT716C00;29/11/2020;19912;1606645633_107;;;EUR;;1606645633
CO134C00;BAACT646C00;29/11/2020;8352;1606645633_26;;;EUR;;1606645633
CO633C00;AFACT899C00;29/11/2020;1708;1606645633_853;;;EUR;;1606645633
CO076C00;MTACT657C00;29/11/2020;46090;1606645633_429;;;EUR;;1606645633
CO308C00;MTACT455C00;29/11/2020;25494;1606645633_924;;;EUR;;1606645633
CO362C00;BAACT199C00;29/11/2020;36985;1606645633_870;;;EUR;;1606645633
CO503C00;AFACT437C00;29/11/2020;12374;1606645633_634;;;EUR;;1606645633
CO342C00;BAACT192C00;29/11/2020;48844;1606645633_925;;;EUR;;1606645633
CO846C00;BAACT053C00;29/11/2020;9509;1606645633_888;;;EUR;;1606645633
CO119C00;BAACT152C00;29/11/2020;24173;1606645633_770;;;EUR;;1606645633
CO158C00;BAACT995C00;29/11/2020;4220;1606645633_226;;;EUR;;1606645633
CO024C00;MTACT117C00;29/11/2020;16360;1606645633_563;;;EUR;;1606645633
CO941C00;MTACT065C00;29/11/2020;12589;1606645633_782;;;EUR;;1606645633
CO130C00;BAACT516C00;29/11/2020;36437;1606645633_847;;;EUR;;1606645633
CO404C00;MTACT675C00;29/11/2020;46100;1606645633_532;;;EUR;;1606645633
CO018C00;AFACT173C00;29/11/2020;45457;1606645633_814;;;EUR;;1606645633
CO263C00;AFACT447C00;29/11/2020;33993;1606645633_177;;;EUR;;1606645633
CO948C00;BAACT072C00;29/11/2020;30997;1606645633_763;;;EUR;;1606645633
CO355C00;BAACT328C00;29/11/2020;39733;1606645633_357;;;EUR;;1606645633
CO316C00;MTACT779C00;29/11/2020;30210;1606645633_573;;;EUR;;1606645633
CO893C00;AFACT719C00;29/11/2020;11321;1606645633_190;;;EUR;;1606645633
CO483C00;BAACT104C00;29/11/2020;35926;1606645633_598;;;EUR;;1606645633
CO371C00;MTACT662C00;29/11/2020;33316;1606645633_170;;;EUR;;1606645633
CO981C00;AFACT958C00;29/11/2020;23604;1606645633_621;;;EUR;;1606645633
CO282C00;AFACT830C00;29/11/2020;29825;1606645633_821;;;EUR;;1606645633
CO127C00;BAACT294C00;29/11/2020;28853;1606645633_392;;;EUR;;1606645633
CO459C00;AFACT394C00;29/11/2020;28186;1606645633_752;;;EUR;;1606645633
CO455C00;BAACT727C00;29/11/2020;49190;1606645633_540;;;EUR;;1606645633
CO118C00;MTACT452C00;29/11/2020;19445;1606645633_103;;;EUR;;1606645633
CO313C00;AFACT608C00;29/11/2020;35015;1606645633_752;;;EUR;;1606645633
CO905C00;BAACT764C00;29/11/2020;14747;1606645633_107;;;EUR;;1606645633
CO081C00;MTACT115C00;29/11/2020;24440;1606645633_287;;;EUR;;1606645633
CO836C00;BAACT932C00;29/11/2020;25451;1606645633_925;;;EUR;;1606645633
CO996C00;BAACT581C00;29/11/2020;31777;1606645633_136;;;EUR;;1606645633
CO785C00;AFACT780C00;29/11/2020;34390;1606645633_302;;;EUR;;1606645633
CO747C00;MTACT364C00;29/11/2020;1912;1606645633_97;;;EUR;;1606645633
CO560C00;BAACT182C00;29/11/2020;15366;1606645633_879;;;EUR;;1606645633
CO844C00;BAACT145C00;29/11/2020;43572;1606645633_876;;;EUR;;1606645633
CO243C00;AFACT957C00;29/11/2020;49411;1606645633_540;;;EUR;;1606645633
CO006C00;BAACT114C00;29/11/2020;14127;1606645633_598;;;EUR;;1606645633
CO907C00;AFACT462C00;29/11/2020;38141;1606645633_813;;;EUR;;1606645633
CO187C00;AFACT219C00;29/11/2020;29287;1606645633_75;;;EUR;;1606645633
CO914C00;BAACT420C00;29/11/2020;28039;1606645633_54;;;EUR;;1606645633
CO625C00;MTACT127C00;29/11/2020;1123;1606645633_534;;;EUR;;1606645633
CO298C00;MTACT414C00;29/11/2020;8331;1606645633_408;;;EUR;;1606645633
CO216C00;MTACT190C00;29/11/2020;5115;1606645633_132;;;EUR;;1606645633
CO321C00;MTACT730C00;29/11/2020;18435;1606645633_840;;;EUR;;1606645633
CO928C00;AFACT230C00;29/11/2020;18310;1606645633_288;;;EUR;;1606645633
CO310C00;MTACT721C00;29/11/2020;41414;1606645633_39;;;EUR;;1606645633
CO787C00;AFACT243C00;29/11/2020;2416;1606645633_321;;;EUR;;1606645633
CO820C00;AFACT788C00;29/11/2020;10444;1606645633_609;;;EUR;;1606645633
CO549C00;AFACT165C00;29/11/2020;1481;1606645633_955;;;EUR;;1606645633
CO813C00;MTACT873C00;29/11/2020;20676;1606645633_776;;;EUR;;1606645633
CO544C00;AFACT591C00;29/11/2020;30517;1606645633_909;;;EUR;;1606645633
CO997C00;MTACT309C00;29/11/2020;17310;1606645633_570;;;EUR;;1606645633
CO880C00;MTACT157C00;29/11/2020;16588;1606645633_900;;;EUR;;1606645633
CO821C00;AFACT421C00;29/11/2020;16078;1606645633_35;;;EUR;;1606645633
CO126C00;MTACT007C00;29/11/2020;47272;1606645633_950;;;EUR;;1606645633
CO882C00;MTACT399C00;29/11/2020;16777;1606645633_717;;;EUR;;1606645633
CO258C00;BAACT617C00;29/11/2020;32821;1606645633_783;;;EUR;;1606645633
CO733C00;AFACT795C00;29/11/2020;23990;1606645633_346;;;EUR;;1606645633
CO213C00;MTACT989C00;29/11/2020;48228;1606645633_258;;;EUR;;1606645633
CO122C00;BAACT913C00;29/11/2020;48396;1606645633_700;;;EUR;;1606645633
CO062C00;MTACT104C00;29/11/2020;13982;1606645633_558;;;EUR;;1606645633
CO707C00;AFACT514C00;29/11/2020;18942;1606645633_509;;;EUR;;1606645633
CO212C00;MTACT964C00;29/11/2020;30195;1606645633_820;;;EUR;;1606645633
CO008C00;AFACT533C00;29/11/2020;34367;1606645633_49;;;EUR;;1606645633
CO892C00;AFACT343C00;29/11/2020;26946;1606645633_508;;;EUR;;1606645633
CO368C00;AFACT537C00;29/11/2020;26309;1606645633_680;;;EUR;;1606645633
CO970C00;BAACT288C00;29/11/2020;4954;1606645633_836;;;EUR;;1606645633
CO930C00;AFACT646C00;29/11/2020;4137;1606645633_286;;;EUR;;1606645633
CO961C00;BAACT262C00;29/11/2020;2384;1606645633_695;;;EUR;;1606645633
CO868C00;AFACT981C00;29/11/2020;27858;1606645633_941;;;EUR;;1606645633
CO071C00;AFACT554C00;29/11/2020;33237;1606645633_801;;;EUR;;1606645633
CO178C00;BAACT618C00;29/11/2020;6913;1606645633_49;;;EUR;;1606645633
CO284C00;AFACT214C00;29/11/2020;45917;1606645633_35;;;EUR;;1606645633
CO444C00;MTACT017C00;29/11/2020;47539;1606645633_523;;;EUR;;1606645633
CO186C00;AFACT917C00;29/11/2020;31060;1606645633_988;;;EUR;;1606645633
CO891C00;BAACT005C00;29/11/2020;40727;1606645633_410;;;EUR;;1606645633
CO168C00;MTACT892C00;29/11/2020;8748;1606645633_410;;;EUR;;1606645633
CO433C00;MTACT527C00;29/11/2020;41747;1606645633_871;;;EUR;;1606645633
CO535C00;AFACT550C00;29/11/2020;13466;1606645633_984;;;EUR;;1606645633
CO697C00;AFACT470C00;29/11/2020;5666;1606645633_895;;;EUR;;1606645633
CO476C00;AFACT978C00;29/11/2020;24344;1606645633_628;;;EUR;;1606645633
CO247C00;BAACT107C00;29/11/2020;34845;1606645633_491;;;EUR;;1606645633
CO037C00;MTACT751C00;29/11/2020;10994;1606645633_815;;;EUR;;1606645633
CO309C00;AFACT925C00;29/11/2020;12512;1606645633_514;;;EUR;;1606645633
CO732C00;MTACT381C00;29/11/2020;28730;1606645633_321;;;EUR;;1606645633
CO408C00;AFACT317C00;29/11/2020;4556;1606645633_423;;;EUR;;1606645633
CO405C00;AFACT558C00;29/11/2020;49674;1606645633_179;;;EUR;;1606645633
CO783C00;BAACT492C00;29/11/2020;42611;1606645633_656;;;EUR;;1606645633
CO281C00;AFACT893C00;29/11/2020;18414;1606645633_829;;;EUR;;1606645633
CO438C00;BAACT538C00;29/11/2020;6475;1606645633_284;;;EUR;;1606645633
CO595C00;AFACT786C00;29/11/2020;11264;1606645633_833;;;EUR;;1606645633
CO623C00;AFACT592C00;29/11/2020;39802;1606645633_236;;;EUR;;1606645633
CO917C00;AFACT151C00;29/11/2020;20891;1606645633_47;;;EUR;;1606645633
CO669C00;BAACT585C00;29/11/2020;2895;1606645633_558;;;EUR;;1606645633
CO767C00;MTACT548C00;29/11/2020;2565;1606645633_720;;;EUR;;1606645633
CO489C00;BAACT754C00;29/11/2020;28970;1606645633_380;;;EUR;;1606645633
CO765C00;MTACT344C00;29/11/2020;1100;1606645633_760;;;EUR;;1606645633
CO382C00;AFACT569C00;29/11/2020;46132;1606645633_785;;;EUR;;1606645633
CO837C00;MTACT856C00;29/11/2020;13223;1606645633_24;;;EUR;;1606645633
CO493C00;MTACT997C00;29/11/2020;27380;1606645633_738;;;EUR;;1606645633
CO864C00;MTACT491C00;29/11/2020;15048;1606645633_279;;;EUR;;1606645633
CO443C00;BAACT305C00;29/11/2020;49309;1606645633_320;;;EUR;;1606645633
CO923C00;AFACT290C00;29/11/2020;12268;1606645633_74;;;EUR;;1606645633
CO087C00;BAACT972C00;29/11/2020;46846;1606645633_164;;;EUR;;1606645633
CO502C00;MTACT839C00;29/11/2020;13387;1606645633_230;;;EUR;;1606645633
CO957C00;MTACT042C00;29/11/2020;4325;1606645633_201;;;EUR;;1606645633
CO193C00;AFACT950C00;29/11/2020;4631;1606645633_953;;;EUR;;1606645633
CO755C00;AFACT574C00;29/11/2020;27985;1606645633_767;;;EUR;;1606645633
CO069C00;AFACT404C00;29/11/2020;32364;1606645633_436;;;EUR;;1606645633
CO300C00;MTACT023C00;29/11/2020;32884;1606645633_734;;;EUR;;1606645633
CO589C00;BAACT798C00;29/11/2020;3031;1606645633_489;;;EUR;;1606645633
CO161C00;AFACT029C00;29/11/2020;6769;1606645633_116;;;EUR;;1606645633
CO499C00;BAACT858C00;29/11/2020;6655;1606645633_238;;;EUR;;1606645633
CO065C00;BAACT721C00;29/11/2020;46096;1606645633_626;;;EUR;;1606645633
CO370C00;MTACT590C00;29/11/2020;49403;1606645633_665;;;EUR;;1606645633
CO020C00;AFACT088C00;29/11/2020;14051;1606645633_938;;;EUR;;1606645633
CO246C00;BAACT873C00;29/11/2020;29696;1606645633_852;;;EUR;;1606645633
CO137C00;MTACT641C00;29/11/2020;669;1606645633_577;;;EUR;;1606645633
CO439C00;MTACT456C00;29/11/2020;16596;1606645633_632;;;EUR;;1606645633
CO565C00;MTACT112C00;29/11/2020;32734;1606645633_246;;;EUR;;1606645633
CO746C00;MTACT935C00;29/11/2020;38239;1606645633_423;;;EUR;;1606645633
CO097C00;AFACT438C00;29/11/2020;4665;1606645633_300;;;EUR;;1606645633
CO534C00;BAACT525C00;29/11/2020;26389;1606645633_651;;;EUR;;1606645633
CO192C00;AFACT838C00;29/11/2020;37550;1606645633_134;;;EUR;;1606645633
CO588C00;AFACT134C00;29/11/2020;14178;1606645633_529;;;EUR;;1606645633
CO829C00;AFACT342C00;29/11/2020;45320;1606645633_263;;;EUR;;1606645633
CO260C00;BAACT560C00;29/11/2020;33731;1606645633_492;;;EUR;;1606645633
CO418C00;MTACT620C00;29/11/2020;29716;1606645633_508;;;EUR;;1606645633
CO769C00;AFACT337C00;29/11/2020;12276;1606645633_316;;;EUR;;1606645633
CO556C00;MTACT377C00;29/11/2020;35039;1606645633_231;;;EUR;;1606645633
CO584C00;AFACT215C00;29/11/2020;31521;1606645633_890;;;EUR;;1606645633
CO490C00;MTACT533C00;29/11/2020;46009;1606645633_346;;;EUR;;1606645633
CO761C00;MTACT725C00;29/11/2020;44019;1606645633_895;;;EUR;;1606645633
CO421C00;MTACT737C00;29/11/2020;3230;1606645633_267;;;EUR;;1606645633
CO680C00;AFACT733C00;29/11/2020;43866;1606645633_372;;;EUR;;1606645633
CO859C00;MTACT462C00;29/11/2020;18491;1606645633_460;;;EUR;;1606645633
CO136C00;BAACT611C00;29/11/2020;16929;1606645633_978;;;EUR;;1606645633
CO236C00;BAACT292C00;29/11/2020;19639;1606645633_183;;;EUR;;1606645633
CO046C00;MTACT283C00;29/11/2020;17577;1606645633_138;;;EUR;;1606645633
CO550C00;BAACT322C00;29/11/2020;48730;1606645633_360;;;EUR;;1606645633
CO407C00;MTACT592C00;29/11/2020;17687;1606645633_428;;;EUR;;1606645633
CO311C00;BAACT409C00;29/11/2020;34925;1606645633_465;;;EUR;;1606645633
CO967C00;BAACT562C00;29/11/2020;37351;1606645633_223;;;EUR;;1606645633
CO239C00;BAACT530C00;29/11/2020;24099;1606645633_797;;;EUR;;1606645633
CO358C00;MTACT301C00;29/11/2020;11542;1606645633_412;;;EUR;;1606645633
CO238C00;BAACT245C00;29/11/2020;11795;1606645633_592;;;EUR;;1606645633
CO806C00;AFACT381C00;29/11/2020;15877;1606645633_112;;;EUR;;1606645633
CO360C00;AFACT197C00;29/11/2020;10667;1606645633_635;;;EUR;;1606645633
CO869C00;BAACT774C00;29/11/2020;6125;1606645633_773;;;EUR;;1606645633
CO772C00;AFACT523C00;29/11/2020;42592;1606645633_449;;;EUR;;1606645633
CO181C00;BAACT015C00;29/11/2020;43586;1606645633_108;;;EUR;;1606645633
CO146C00;BAACT984C00;29/11/2020;32740;1606645633_845;;;EUR;;1606645633
CO402C00;AFACT871C00;29/11/2020;33065;1606645633_408;;;EUR;;1606645633
CO108C00;BAACT918C00;29/11/2020;14285;1606645633_100;;;EUR;;1606645633
CO220C00;BAACT393C00;29/11/2020;5460;1606645633_625;;;EUR;;1606645633
CO621C00;AFACT901C00;29/11/2020;46805;1606645633_455;;;EUR;;1606645633
CO330C00;AFACT472C00;29/11/2020;5655;1606645633_501;;;EUR;;1606645633
CO529C00;BAACT353C00;29/11/2020;29637;1606645633_570;;;EUR;;1606645633
CO709C00;MTACT372C00;29/11/2020;7938;1606645633_228;;;EUR;;1606645633
CO850C00;MTACT498C00;29/11/2020;34345;1606645633_701;;;EUR;;1606645633
CO568C00;BAACT097C00;29/11/2020;12274;1606645633_491;;;EUR;;1606645633
CO200C00;BAACT634C00;29/11/2020;9414;1606645633_202;;;EUR;;1606645633
CO803C00;AFACT545C00;29/11/2020;37394;1606645633_878;;;EUR;;1606645633
CO000C00;BAACT442C00;29/11/2020;8314;1606645633_921;;;EUR;;1606645633
CO337C00;AFACT611C00;29/11/2020;26960;1606645633_464;;;EUR;;1606645633
CO482C00;MTACT712C00;29/11/2020;8390;1606645633_633;;;EUR;;1606645633
CO332C00;MTACT655C00;29/11/2020;800;1606645633_296;;;EUR;;1606645633
CO940C00;MTACT597C00;29/11/2020;2173;1606645633_628;;;EUR;;1606645633
CO415C00;BAACT928C00;29/11/2020;38833;1606645633_147;;;EUR;;1606645633
CO075C00;AFACT275C00;29/11/2020;2213;1606645633_426;;;EUR;;1606645633
CO125C00;BAACT750C00;29/11/2020;37089;1606645633_746;;;EUR;;1606645633
CO569C00;MTACT063C00;29/11/2020;33818;1606645633_240;;;EUR;;1606645633
CO640C00;BAACT590C00;29/11/2020;25867;1606645633_503;;;EUR;;1606645633
CO982C00;BAACT542C00;29/11/2020;14378;1606645633_480;;;EUR;;1606645633
CO618C00;MTACT932C00;29/11/2020;49395;1606645633_662;;;EUR;;1606645633
CO587C00;MTACT928C00;29/11/2020;38915;1606645633_389;;;EUR;;1606645633
CO762C00;AFACT809C00;29/11/2020;12475;1606645633_756;;;EUR;;1606645633
CO582C00;MTACT828C00;29/11/2020;21155;1606645633_600;;;EUR;;1606645633
CO637C00;MTACT862C00;29/11/2020;20102;1606645633_610;;;EUR;;1606645633
CO987C00;MTACT318C00;29/11/2020;49772;1606645633_73;;;EUR;;1606645633
CO619C00;BAACT751C00;29/11/2020;22521;1606645633_768;;;EUR;;1606645633
CO980C00;BAACT916C00;29/11/2020;32104;1606645633_926;;;EUR;;1606645633
CO642C00;MTACT905C00;29/11/2020;31317;1606645633_728;;;EUR;;1606645633
CO599C00;MTACT851C00;29/11/2020;3560;1606645633_956;;;EUR;;1606645633
CO793C00;AFACT386C00;29/11/2020;35360;1606645633_135;;;EUR;;1606645633
CO222C00;MTACT651C00;29/11/2020;36061;1606645633_261;;;EUR;;1606645633
CO956C00;BAACT202C00;29/11/2020;44187;1606645633_417;;;EUR;;1606645633
CO211C00;AFACT931C00;29/11/2020;42963;1606645633_645;;;EUR;;1606645633
CO983C00;MTACT069C00;29/11/2020;42966;1606645633_338;;;EUR;;1606645633
CO078C00;MTACT541C00;29/11/2020;30774;1606645633_919;;;EUR;;1606645633
CO339C00;BAACT384C00;29/11/2020;38824;1606645633_794;;;EUR;;1606645633
CO539C00;AFACT453C00;29/11/2020;47159;1606645633_578;;;EUR;;1606645633
CO383C00;MTACT960C00;29/11/2020;39372;1606645633_589;;;EUR;;1606645633
CO853C00;BAACT188C00;29/11/2020;7791;1606645633_212;;;EUR;;1606645633
CO369C00;MTACT492C00;29/11/2020;39873;1606645633_27;;;EUR;;1606645633
CO135C00;AFACT454C00;29/11/2020;41038;1606645633_943;;;EUR;;1606645633
CO205C00;MTACT427C00;29/11/2020;4450;1606645633_410;;;EUR;;1606645633
CO685C00;BAACT737C00;29/11/2020;1385;1606645633_95;;;EUR;;1606645633
CO517C00;MTACT720C00;29/11/2020;4701;1606645633_307;;;EUR;;1606645633
CO818C00;MTACT033C00;29/11/2020;25005;1606645633_50;;;EUR;;1606645633
CO720C00;BAACT943C00;29/11/2020;49805;1606645633_138;;;EUR;;1606645633
CO194C00;MTACT630C00;29/11/2020;26541;1606645633_693;;;EUR;;1606645633
CO165C00;BAACT892C00;29/11/2020;25426;1606645633_199;;;EUR;;1606645633
CO036C00;MTACT995C00;29/11/2020;6561;1606645633_882;;;EUR;;1606645633
CO748C00;BAACT216C00;29/11/2020;42514;1606645633_87;;;EUR;;1606645633
CO283C00;AFACT450C00;29/11/2020;39950;1606645633_507;;;EUR;;1606645633
CO743C00;BAACT669C00;29/11/2020;45952;1606645633_846;;;EUR;;1606645633
CO648C00;AFACT844C00;29/11/2020;17181;1606645633_831;;;EUR;;1606645633
CO696C00;MTACT734C00;29/11/2020;17604;1606645633_424;;;EUR;;1606645633
CO899C00;MTACT404C00;29/11/2020;31134;1606645633_444;;;EUR;;1606645633
CO857C00;BAACT951C00;29/11/2020;8508;1606645633_20;;;EUR;;1606645633
CO398C00;MTACT447C00;29/11/2020;48155;1606645633_997;;;EUR;;1606645633
CO644C00;MTACT032C00;29/11/2020;16739;1606645633_81;;;EUR;;1606645633
CO753C00;MTACT508C00;29/11/2020;40968;1606645633_424;;;EUR;;1606645633
CO230C00;AFACT801C00;29/11/2020;7780;1606645633_664;;;EUR;;1606645633
CO723C00;MTACT615C00;29/11/2020;20579;1606645633_625;;;EUR;;1606645633
CO991C00;BAACT331C00;29/11/2020;40294;1606645633_789;;;EUR;;1606645633
CO100C00;BAACT904C00;29/11/2020;27988;1606645633_990;;;EUR;;1606645633
CO224C00;AFACT584C00;29/11/2020;36781;1606645633_303;;;EUR;;1606645633
CO951C00;MTACT445C00;29/11/2020;17848;1606645633_572;;;EUR;;1606645633
CO510C00;AFACT785C00;29/11/2020;49357;1606645633_496;;;EUR;;1606645633
CO945C00;AFACT839C00;29/11/2020;9153;1606645633_323;;;EUR;;1606645633
CO267C00;MTACT910C00;29/11/2020;3455;1606645633_309;;;EUR;;1606645633
CO949C00;AFACT406C00;29/11/2020;24402;1606645633_137;;;EUR;;1606645633
CO034C00;MTACT793C00;29/11/2020;14776;1606645633_222;;;EUR;;1606645633
CO501C00;AFACT279C00;29/11/2020;37802;1606645633_243;;;EUR;;1606645633
CO969C00;MTACT829C00;29/11/2020;9505;1606645633_559;;;EUR;;1606645633
CO942C00;AFACT226C00;29/11/2020;40833;1606645633_896;;;EUR;;1606645633
CO080C00;MTACT419C00;29/11/2020;24447;1606645633_81;;;EUR;;1606645633
CO553C00;AFACT642C00;29/11/2020;11217;1606645633_551;;;EUR;;1606645633
CO475C00;AFACT035C00;29/11/2020;16287;1606645633_638;;;EUR;;1606645633
CO944C00;BAACT691C00;29/11/2020;27004;1606645633_568;;;EUR;;1606645633
CO144C00;MTACT182C00;29/11/2020;40320;1606645633_343;;;EUR;;1606645633
CO988C00;MTACT472C00;29/11/2020;2270;1606645633_386;;;EUR;;1606645633
CO909C00;AFACT018C00;29/11/2020;10227;1606645633_340;;;EUR;;1606645633
CO129C00;AFACT519C00;29/11/2020;32573;1606645633_685;;;EUR;;1606645633
CO710C00;BAACT672C00;29/11/2020;38395;1606645633_757;;;EUR;;1606645633
CO737C00;MTACT269C00;29/11/2020;1288;1606645633_95;;;EUR;;1606645633
CO861C00;AFACT556C00;29/11/2020;19782;1606645633_403;;;EUR;;1606645633
CO375C00;BAACT706C00;29/11/2020;16713;1606645633_879;;;EUR;;1606645633
CO541C00;MTACT908C00;29/11/2020;12276;1606645633_492;;;EUR;;1606645633
CO334C00;AFACT485C00;29/11/2020;41963;1606645633_490;;;EUR;;1606645633
CO505C00;BAACT610C00;29/11/2020;45174;1606645633_926;;;EUR;;1606645633
CO254C00;BAACT826C00;29/11/2020;2126;1606645633_945;;;EUR;;1606645633
CO886C00;AFACT855C00;29/11/2020;31766;1606645633_406;;;EUR;;1606645633
CO500C00;AFACT137C00;29/11/2020;26515;1606645633_170;;;EUR;;1606645633
CO013C00;BAACT197C00;29/11/2020;43027;1606645633_85;;;EUR;;1606645633
CO839C00;BAACT693C00;29/11/2020;20657;1606645633_66;;;EUR;;1606645633
CO576C00;BAACT210C00;29/11/2020;42473;1606645633_463;;;EUR;;1606645633
CO610C00;MTACT755C00;29/11/2020;10264;1606645633_175;;;EUR;;1606645633
CO303C00;AFACT441C00;29/11/2020;49220;1606645633_698;;;EUR;;1606645633
CO931C00;BAACT215C00;29/11/2020;3969;1606645633_403;;;EUR;;1606645633
CO675C00;AFACT827C00;29/11/2020;6535;1606645633_494;;;EUR;;1606645633
CO977C00;BAACT537C00;29/11/2020;44400;1606645633_441;;;EUR;;1606645633
CO824C00;AFACT904C00;29/11/2020;36156;1606645633_161;;;EUR;;1606645633
CO335C00;AFACT204C00;29/11/2020;36475;1606645633_887;;;EUR;;1606645633
CO705C00;MTACT264C00;29/11/2020;1076;1606645633_997;;;EUR;;1606645633
CO591C00;BAACT614C00;29/11/2020;13640;1606645633_652;;;EUR;;1606645633
CO691C00;BAACT222C00;29/11/2020;9869;1606645633_949;;;EUR;;1606645633
CO773C00;BAACT361C00;29/11/2020;42770;1606645633_614;;;EUR;;1606645633
CO626C00;AFACT715C00;29/11/2020;4177;1606645633_511;;;EUR;;1606645633
CO051C00;AFACT425C00;29/11/2020;25316;1606645633_957;;;EUR;;1606645633
CO440C00;AFACT495C00;29/11/2020;35826;1606645633_864;;;EUR;;1606645633
CO063C00;MTACT516C00;29/11/2020;27549;1606645633_412;;;EUR;;1606645633
CO937C00;MTACT009C00;29/11/2020;35980;1606645633_379;;;EUR;;1606645633
CO494C00;BAACT421C00;29/11/2020;23980;1606645633_559;;;EUR;;1606645633
CO095C00;AFACT649C00;29/11/2020;5967;1606645633_225;;;EUR;;1606645633
CO011C00;AFACT339C00;29/11/2020;46094;1606645633_334;;;EUR;;1606645633
CO805C00;BAACT707C00;29/11/2020;19123;1606645633_344;;;EUR;;1606645633
CO159C00;AFACT974C00;29/11/2020;46661;1606645633_945;;;EUR;;1606645633
CO288C00;MTACT141C00;29/11/2020;39999;1606645633_411;;;EUR;;1606645633
CO485C00;AFACT041C00;29/11/2020;10092;1606645633_731;;;EUR;;1606645633
CO491C00;BAACT008C00;29/11/2020;43865;1606645633_723;;;EUR;;1606645633
CO612C00;AFACT782C00;29/11/2020;29685;1606645633_460;;;EUR;;1606645633
CO975C00;MTACT622C00;29/11/2020;8212;1606645633_737;;;EUR;;1606645633
CO031C00;AFACT294C00;29/11/2020;21629;1606645633_965;;;EUR;;1606645633
CO630C00;AFACT644C00;29/11/2020;33332;1606645633_806;;;EUR;;1606645633
CO365C00;MTACT195C00;29/11/2020;22048;1606645633_861;;;EUR;;1606645633
CO739C00;AFACT593C00;29/11/2020;30442;1606645633_567;;;EUR;;1606645633
CO133C00;BAACT829C00;29/11/2020;16592;1606645633_769;;;EUR;;1606645633
CO835C00;AFACT579C00;29/11/2020;30208;1606645633_836;;;EUR;;1606645633
CO959C00;AFACT765C00;29/11/2020;28765;1606645633_850;;;EUR;;1606645633
CO325C00;BAACT307C00;29/11/2020;12774;1606645633_162;;;EUR;;1606645633
CO352C00;MTACT349C00;29/11/2020;29182;1606645633_49;;;EUR;;1606645633
CO695C00;BAACT159C00;29/11/2020;36926;1606645633_13;;;EUR;;1606645633
CO394C00;MTACT827C00;29/11/2020;8524;1606645633_914;;;EUR;;1606645633
CO245C00;AFACT251C00;29/11/2020;2103;1606645633_968;;;EUR;;1606645633
CO800C00;MTACT481C00;29/11/2020;24346;1606645633_601;;;EUR;;1606645633
